ID,Latitud,Longitud,Elevacion
268137065,5.9232145,-73.6038092,0
268137066,5.9233626,-73.6040157,0
268137067,5.923512,-73.6041847,0
268137068,5.9238161,-73.6044033,0
268137069,5.9250829,-73.6052993,0
268137070,5.9252255,-73.605449,0
268137071,5.9252943,-73.6055602,0
268137073,5.9253648,-73.6057203,0
268137094,5.9254545,-73.6059576,0
268137110,5.9256809,-73.6069299,0
268137154,5.9257757,-73.6073783,0
268137176,5.9257685,-73.6076549,0
268137190,5.9257405,-73.6078861,0
268137191,5.9255478,-73.6084324,0
268137197,5.9254701,-73.6087014,0
268137198,5.9254432,-73.6088935,0
268137199,5.9254365,-73.6090412,0
268137204,5.9254746,-73.6092491,0
268137205,5.9255473,-73.6094636,0
268137206,5.926141,-73.610701,0
268137210,5.926195,-73.610804,0
268137214,5.9262449,-73.6109586,0
268137215,5.9262634,-73.6110964,0
268137234,5.9266467,-73.6146307,0
625993580,5.8227135,-73.5747596,0
625993581,5.8167508,-73.5740532,0
625993582,5.818023,-73.5751658,0
625993583,5.8215202,-73.5743525,0
625993585,5.8254972,-73.5761845,0
625993587,5.8266456,-73.5746068,0
625993589,5.8270987,-73.5745156,0
625993591,5.8302618,-73.5738188,0
625993593,5.8236122,-73.5773378,0
625993595,5.8253317,-73.5770996,0
625993597,5.8254603,-73.5765959,0
625993599,5.832049,-73.5774528,0
625993601,5.8312405,-73.5752838,0
625993602,5.8337306,-73.5787969,0
625993603,5.8438071,-73.5799015,0
625993611,5.8419602,-73.5806825,0
625993613,5.8418657,-73.5836324,0
625993615,5.8410118,-73.5857256,0
625993617,5.8411805,-73.5811423,0
625993618,5.8413406,-73.5817576,0
625993619,5.8377591,-73.5853721,0
625993620,5.8370841,-73.5817125,0
625993621,5.8401238,-73.5864997,0
625993623,5.838451,-73.5860588,0
625993625,5.834862,-73.5801804,0
625993629,5.8486271,-73.577267,0
625993632,5.8460912,-73.5775712,0
625993634,5.8541172,-73.5716714,0
625993636,5.8540751,-73.571379,0
625993638,5.8554455,-73.5703163,0
625993639,5.8541813,-73.5711242,0
625993640,5.8543739,-73.5708335,0
625993641,5.8485184,-73.5739604,0
625993642,5.8511491,-73.5745886,0
625993644,5.8539058,-73.572902,0
625993646,5.8481795,-73.5768119,0
625993653,5.8476128,-73.5745061,0
625993654,5.8555529,-73.572766,0
625993655,5.8567171,-73.5713983,0
625993656,5.8558985,-73.5713726,0
625993657,5.8566243,-73.5697413,0
625993659,5.8572945,-73.5734885,0
625993661,5.8575752,-73.5725088,0
625993663,5.8567705,-73.5740677,0
625993666,5.8601566,-73.5696784,0
625993668,5.8592188,-73.567743,0
625993670,5.8581382,-73.5673286,0
625993672,5.8575016,-73.5677232,0
625993674,5.8608779,-73.5734899,0
625993675,5.8599102,-73.5741616,0
625993676,5.8593794,-73.5728266,0
625993677,5.8599014,-73.5718007,0
625993678,5.8651668,-73.5717004,0
625993680,5.8623075,-73.5721499,0
625993682,5.86744,-73.5715051,0
625993684,5.8734272,-73.5709714,0
625993686,5.8747457,-73.569816,0
625993691,5.8765481,-73.5691637,0
625993692,5.8755957,-73.5685798,0
625993694,5.8812598,-73.5761685,0
625993696,5.8817214,-73.5765335,0
625993698,5.8840264,-73.5755055,0
625993701,5.8850591,-73.5768758,0
625993703,5.8801688,-73.5729565,0
625993705,5.8783479,-73.5744131,0
625993707,5.8787545,-73.5753789,0
625993709,5.8799668,-73.5693442,0
625993710,5.8837417,-73.5762752,0
625993848,5.9112142,-73.635933,0
625993867,5.9122976,-73.6324303,0
625993868,5.9137526,-73.6321993,0
625993869,5.9150705,-73.6314541,0
625993872,5.9157947,-73.6302606,0
625993874,5.9151366,-73.6286248,0
625993876,5.9186557,-73.6250597,0
625993878,5.9169027,-73.6258942,0
625993880,5.924626,-73.6201567,0
625993882,5.9242558,-73.6217946,0
625993886,5.9227361,-73.6235715,0
625993887,5.9242862,-73.6181031,0
625993889,5.9258148,-73.6156792,0
625993890,5.9264599,-73.6137578,0
625993893,5.929832,-73.6087952,0
625993897,5.9068869,-73.5872737,0
625993900,5.9092885,-73.5894473,0
625993903,5.8878595,-73.5765992,0
625993905,5.8915381,-73.5777245,0
625993908,5.893491,-73.5804885,0
625993911,5.8955485,-73.5829203,0
625993914,5.8966728,-73.5836572,0
625993916,5.9002924,-73.5859233,0
625993918,5.9031432,-73.5851119,0
625993920,5.9040612,-73.5854323,0
625993922,5.9114192,-73.5897745,0
625993924,5.9160377,-73.590588,0
625993927,5.9182018,-73.5911586,0
625993930,5.9199457,-73.5926947,0
625993932,5.9197564,-73.5922422,0
625993935,5.9263879,-73.6039299,0
625993938,5.9258043,-73.6020652,0
625993949,5.9250596,-73.6002575,0
625993951,5.9248264,-73.6000281,0
625993953,5.9306085,-73.6075777,0
625993955,5.9280392,-73.6049793,0
625993957,5.9303458,-73.6072728,0
625993960,5.9289212,-73.6062397,0
625993963,5.9222717,-73.5960755,0
625993965,5.9329733,-73.6060628,0
625993968,5.9374061,-73.6030018,0
625993971,5.9405488,-73.6027497,0
625993974,5.9436008,-73.6007112,0
625993977,5.9460658,-73.5999119,0
625993980,5.9482641,-73.5986352,0
625993983,5.95341,-73.5962791,0
625993996,5.9594006,-73.5931937,0
703169045,5.9326035,-73.6124368,0
765387618,5.6664819,-73.5773248,0
968811652,5.927111,-73.617629,0
968811661,5.936498,-73.613959,0
968811674,5.927936,-73.6229716,0
968811686,5.926919,-73.614672,0
968811690,5.9371168,-73.6095184,0
968811692,5.9324737,-73.6112936,0
968811711,5.927052,-73.618521,0
968811716,5.9313007,-73.6174296,0
968811719,5.927589,-73.6186439,0
968811725,5.9298584,-73.6190614,0
968811729,5.932617,-73.614711,0
968811731,5.931781,-73.61402,0
968811750,5.928862,-73.613335,0
968811755,5.9318117,-73.6180557,0
968811759,5.933622,-73.611406,0
968811768,5.929063,-73.619474,0
968811769,5.9270393,-73.618424,0
968811774,5.9285043,-73.6187124,0
968811789,5.927199,-73.618963,0
968811797,5.929047,-73.61418,0
968811812,5.938677,-73.6146107,0
968811834,5.929916,-73.6166536,0
968811835,5.929156,-73.61324,0
968811839,5.9413238,-73.6128925,0
968811842,5.93687,-73.612501,0
968811867,5.9260644,-73.6214562,0
968811870,5.92914,-73.613878,0
968811872,5.9334136,-73.612647,0
968811893,5.9301837,-73.6135244,0
968811901,5.9274176,-73.6216237,0
968811925,5.940186,-73.6115128,0
968811928,5.9278903,-73.6154573,0
968811930,5.9278513,-73.6231526,0
968811931,5.928968,-73.61855,0
968811932,5.9360121,-73.6122644,0
968811936,5.927054,-73.617828,0
968811953,5.933484,-73.610868,0
968811957,5.935783,-73.614344,0
968811967,5.9298916,-73.6186696,0
968811975,5.9328871,-73.6180188,0
968811977,5.926801,-73.614665,0
968811979,5.9277501,-73.6169515,0
968811980,5.927092,-73.618704,0
968811984,5.933735,-73.6109386,0
968811988,5.9275467,-73.6185126,0
968811994,5.930137,-73.618376,0
968811995,5.9277564,-73.6211839,0
968811997,5.9314967,-73.6142539,0
968812002,5.931176,-73.6186538,0
968812003,5.935841,-73.6113125,0
968812004,5.9327507,-73.6109509,0
968812007,5.9284594,-73.6188645,0
968812010,5.9324599,-73.6108389,0
968812012,5.936779,-73.61264,0
968812013,5.9336707,-73.6130632,0
968812017,5.929087,-73.615299,0
968812019,5.9261529,-73.6209067,0
968812030,5.9325473,-73.6117922,0
968812031,5.9378317,-73.6137756,0
968812034,5.938399,-73.6147761,0
968812035,5.928961,-73.61858,0
968812038,5.9270125,-73.6230433,0
968812049,5.934708,-73.6146,0
968812055,5.929869,-73.616579,0
968812058,5.929158,-73.613508,0
968812063,5.9368486,-73.613846,0
968812071,5.9378924,-73.6084723,0
968812074,5.927898,-73.6230527,0
968812080,5.929134,-73.613755,0
968812083,5.9372237,-73.6145447,0
968812086,5.9281367,-73.6162694,0
968812091,5.9299127,-73.6156689,0
968812093,5.9348223,-73.6101392,0
968812096,5.9407453,-73.6126012,0
968812114,5.930394,-73.6152972,0
968812116,5.9270422,-73.6220843,0
968812119,5.92895,-73.61343,0
968812133,5.9361554,-73.6108682,0
968812135,5.936003,-73.615131,0
968812138,5.9289603,-73.6197047,0
968812143,5.9277826,-73.6231828,0
968812150,5.933232,-73.6108061,0
968812155,5.936028,-73.614182,0
968812158,5.9392523,-73.6133444,0
968812166,5.9278559,-73.6167213,0
968812170,5.936537,-73.6148439,0
968812184,5.929978,-73.618545,0
968812186,5.9279913,-73.6228964,0
968812190,5.9345097,-73.6147718,0
968812192,5.927149,-73.614618,0
968812211,5.930197,-73.618328,0
968812212,5.9348073,-73.6091747,0
968812215,5.936912,-73.612341,0
968812216,5.930714,-73.6135645,0
968812219,5.9277177,-73.6188788,0
968812229,5.9300097,-73.6193793,0
968812232,5.927533,-73.6210476,0
968812234,5.9323023,-73.6150473,0
968812237,5.929024,-73.613523,0
968812242,5.9291,-73.6191396,0
968812248,5.9274629,-73.6172392,0
968812250,5.928658,-73.618577,0
968812253,5.9322146,-73.6109217,0
968812258,5.9294773,-73.6160055,0
968812271,5.929176,-73.613993,0
968812274,5.9405503,-73.6109193,0
968812276,5.9302967,-73.6126442,0
968812279,5.9374181,-73.6136918,0
968812293,5.937472,-73.6089773,0
968812295,5.929227,-73.6179135,0
968812298,5.9269284,-73.6229711,0
968812306,5.928862,-73.613413,0
968812311,5.9355308,-73.6125632,0
968812323,5.9292989,-73.6130158,0
968812325,5.938508,-73.6134598,0
968812329,5.9398306,-73.6117652,0
968812338,5.929191,-73.616226,0
968812340,5.9371176,-73.6082332,0
968812343,5.9278679,-73.6231197,0
968812348,5.929072,-73.614114,0
968812356,5.9282608,-73.6160964,0
968812360,5.930786,-73.615799,0
968812363,5.9318096,-73.6155891,0
968812373,5.929072,-73.61325,0
968812376,5.932203,-73.6184961,0
968812388,5.9313983,-73.6128993,0
968812392,5.9386697,-73.6138282,0
968812395,5.928423,-73.620332,0
968812406,5.928379,-73.6191404,0
968812408,5.931571,-73.6113156,0
968812420,5.9358504,-73.6106258,0
968812425,5.930932,-73.6132282,0
968812427,5.9274027,-73.6171183,0
968812430,5.931978,-73.61389,0
968812445,5.9402367,-73.6108942,0
968812449,5.9279433,-73.6165899,0
968812456,5.9298419,-73.6189294,0
968812462,5.9344107,-73.6166172,0
968812464,5.9340394,-73.6141892,0
968812467,5.927036,-73.614656,0
968812476,5.933125,-73.611794,0
968812490,5.932783,-73.6146181,0
968812492,5.929206,-73.613825,0
968812496,5.9412841,-73.6128858,0
968812508,5.936912,-73.612231,0
968812512,5.9276423,-73.6187672,0
968812518,5.93267,-73.614783,0
968812528,5.928958,-73.613482,0
968812555,5.928576,-73.6186263,0
968812557,5.9329739,-73.6107804,0
968812577,5.9368999,-73.6117861,0
968812591,5.9266709,-73.6209115,0
968812593,5.929123,-73.614095,0
968812631,5.9276585,-73.6231975,0
968812636,5.928858,-73.613361,0
968812639,5.9341978,-73.6105206,0
968812656,5.927037,-73.617927,0
968812658,5.929217,-73.61312,0
968812659,5.936381,-73.614003,0
968812662,5.939823,-73.6116169,0
968812678,5.9378359,-73.6082338,0
968812687,5.927954,-73.6229454,0
968812690,5.929119,-73.614,0
968812695,5.9279693,-73.6153083,0
968812705,5.934489,-73.6096087,0
968812707,5.9379997,-73.6120892,0
968812709,5.9298423,-73.6131958,0
968812710,5.9275363,-73.6184483,0
968812712,5.932174,-73.6138233,0
968812713,5.929019,-73.613234,0
968812729,5.9361336,-73.6110806,0
968812733,5.9380573,-73.6141307,0
968812735,5.929083,-73.619396,0
968812737,5.9407302,-73.6130648,0
968812740,5.928161,-73.613875,0
968812753,5.9355463,-73.6108093,0
968812758,5.9313127,-73.6128184,0
968812759,5.927157,-73.618879,0
968812761,5.935553,-73.614525,0
968812763,5.940893,-73.6109451,0
968812777,5.9298531,-73.6187968,0
968812781,5.934291,-73.6140118,0
968812783,5.935059,-73.61057,0
968812801,5.9334033,-73.6139134,0
968812804,5.9303194,-73.6162148,0
968812806,5.929193,-73.613939,0
968812807,5.9411184,-73.6128643,0
968812810,5.936844,-73.61255,0
968812814,5.9298961,-73.6194781,0
968812817,5.9316936,-73.6169149,0
968812818,5.929122,-73.613695,0
968812822,5.9303077,-73.6194461,0
968812837,5.9274747,-73.6177952,0
968812840,5.928861,-73.618553,0
968812843,5.932744,-73.6107861,0
968812846,5.9311407,-73.616435,0
968812850,5.931305,-73.61244,0
968812856,5.9359281,-73.6135121,0
968812865,5.933162,-73.615503,0
968812879,5.929015,-73.613393,0
968812889,5.9287237,-73.6176032,0
968812890,5.9271085,-73.6230859,0
968812908,5.9282487,-73.6138383,0
968812924,5.927022,-73.618127,0
968812927,5.928883,-73.613461,0
968812928,5.936617,-73.613921,0
968812937,5.928106,-73.6171986,0
968812941,5.930027,-73.618485,0
968812944,5.9279226,-73.6230004,0
968812948,5.92686,-73.614671,0
968812961,5.928038,-73.6164102,0
968812963,5.9280693,-73.6151713,0
968812964,5.93441,-73.6094611,0
968812966,5.9414949,-73.6129456,0
968812970,5.9299334,-73.6192455,0
968812981,5.9315833,-73.6190849,0
968812984,5.9351203,-73.6159566,0
968812986,5.929037,-73.619551,0
968812993,5.9284833,-73.6187675,0
968812995,5.9320969,-73.6109759,0
968813003,5.9349441,-73.6151275,0
968813005,5.9289587,-73.613239,0
968813010,5.927247,-73.619043,0
968813014,5.9323664,-73.6160749,0
968813018,5.9320046,-73.6123016,0
968813030,5.9268908,-73.6229305,0
968813031,5.9272511,-73.6145591,0
968813034,5.933446,-73.611536,0
968813054,5.936889,-73.61245,0
968813062,5.9323617,-73.615111,0
968813069,5.929077,-73.61358,0
968813073,5.9370187,-73.6111761,0
968813075,5.933111,-73.612306,0
968813079,5.9283221,-73.6160374,0
968813090,5.928758,-73.618553,0
968813098,5.93049,-73.6145511,0
968813099,5.9319147,-73.614638,0
968813100,5.929134,-73.613304,0
968813108,5.928309,-73.620462,0
968813113,5.9278045,-73.6189405,0
968813114,5.9278219,-73.6231747,0
968813117,5.9293924,-73.6179617,0
968813131,5.9272463,-73.6173891,0
968813137,5.935904,-73.614261,0
968813140,5.9399046,-73.6108822,0
968813154,5.9377668,-73.6079417,0
968813156,5.9338114,-73.6138515,0
968813180,5.9407316,-73.6127973,0
968813184,5.936902,-73.612176,0
968813188,5.9276127,-73.6187042,0
968813191,5.9298768,-73.619125,0
968813199,5.9269793,-73.6203792,0
968813201,5.931843,-73.613971,0
968813205,5.929116,-73.613283,0
968813208,5.9347749,-73.6162782,0
968813210,5.92703,-73.618328,0
968813212,5.9284063,-73.6190959,0
968813242,5.9322433,-73.6126029,0
968813245,5.928912,-73.618563,0
968813250,5.927524,-73.6169678,0
968813253,5.926602,-73.622596,0
968813265,5.92919,-73.613712,0
968813266,5.9413879,-73.6129072,0
968813271,5.929048,-73.618574,0
968813278,5.9260549,-73.6212398,0
968813279,5.929133,-73.61394,0
968813285,5.9339943,-73.6121351,0
968813291,5.9279873,-73.6164987,0
968813308,5.9351319,-73.6099503,0
968813310,5.929787,-73.617656,0
968813324,5.9301003,-73.6149622,0
968813334,5.928992,-73.613232,0
968813346,5.928097,-73.620736,0
968813354,5.9277399,-73.6231955,0
968813357,5.929316,-73.617944,0
968813361,5.9287013,-73.6135475,0
968813373,5.931642,-73.613178,0
968813374,5.927076,-73.617729,0
968813377,5.932051,-73.613859,0
968813380,5.933606,-73.610903,0
968813383,5.936154,-73.614109,0
968813395,5.9367243,-73.6152043,0
968813397,5.9298691,-73.618732,0
968813399,5.927976,-73.6229166,0
968813401,5.933405,-73.6153604,0
968813402,5.927093,-73.614639,0
968813422,5.927069,-73.618613,0
968813427,5.929907,-73.618129,0
968813432,5.9346254,-73.6111758,0
968813433,5.9400293,-73.6126129,0
968813436,5.9360396,-73.613343,0
968813438,5.9275657,-73.6185772,0
968813443,5.931723,-73.614074,0
968813446,5.928992,-73.6135,0
968813461,5.9357422,-73.6153778,0
968813463,5.929106,-73.619235,0
968813467,5.928612,-73.618598,0
968813469,5.9325863,-73.6108107,0
968813472,5.93045,-73.617877,0
968813477,5.936739,-73.612678,0
968813480,5.9355643,-73.6100627,0
968813483,5.935109,-73.6119168,0
968813490,5.9332679,-73.6166861,0
968813503,5.929153,-73.614046,0
968813512,5.930612,-73.612927,0
968813513,5.9337527,-73.6172297,0
968813520,5.9270536,-73.623066,0
968813524,5.9276312,-73.6166932,0
968813525,5.934058,-73.610626,0
968813533,5.9280442,-73.6196969,0
968813550,5.929257,-73.613065,0
968813552,5.9367432,-73.6138769,0
968813557,5.9293951,-73.6145176,0
968813560,5.929066,-73.616324,0
968813567,5.92791,-73.6230218,0
968813583,5.92914,-73.613817,0
968813589,5.9373886,-73.6100572,0
968813592,5.9327883,-73.6132139,0
968813604,5.9280874,-73.6163364,0
968813609,5.9275033,-73.6180961,0
968813623,5.930182,-73.617228,0
968813628,5.9315011,-73.6117726,0
968813651,5.9280672,-73.6228956,0
968813654,5.9308927,-73.6148243,0
968813656,5.9364661,-73.6098553,0
968813671,5.938344,-73.6139852,0
968813672,5.929005,-73.619626,0
968813681,5.92816,-73.61809,0
968813684,5.9300523,-73.6124225,0
968813688,5.9354894,-73.6145818,0
968813705,5.9356623,-73.6102701,0
968813710,5.927301,-73.61912,0
968813713,5.931909,-73.613927,0
968813728,5.9333591,-73.6108326,0
968813736,5.932475,-73.612899,0
968813742,5.9278018,-73.616803,0
968813754,5.9299263,-73.6185997,0
968813768,5.926978,-73.614666,0
968813769,5.9352851,-73.6109669,0
968813770,5.932268,-73.6115568,0
968813777,5.9276638,-73.616614,0
968813782,5.9412571,-73.6128831,0
968813792,5.936904,-73.612396,0
968813799,5.929474,-73.6190111,0
968813804,5.928921,-73.613469,0
968813806,5.9354269,-73.6156713,0
968813811,5.9274553,-73.6173511,0
968813813,5.9285297,-73.6186687,0
968813815,5.9323358,-73.610876,0
968813818,5.9369235,-73.6091198,0
968813828,5.9326068,-73.6158885,0
968813833,5.929088,-73.61414,0
968813851,5.9377967,-73.6096662,0
968813854,5.9269606,-73.623002,0
968813857,5.929754,-73.617571,0
968813860,5.92887,-73.613438,0
968813863,5.934468,-73.6109347,0
968813868,5.927027,-73.618027,0
968813870,5.929184,-73.613179,0
968813871,5.9373781,-73.6137005,0
968813884,5.9278826,-73.6230889,0
968813885,5.930573,-73.618046,0
968813886,5.92904,-73.614166,0
968813888,5.9366119,-73.6109807,0
968813892,5.9282061,-73.6161688,0
968813898,5.9339072,-73.6100753,0
968813899,5.9364553,-73.6129702,0
968813900,5.929973,-73.6137859,0
968813908,5.9262481,-73.6213788,0
968813910,5.929095,-73.613265,0
968813911,5.930912,-73.612465,0
968813913,5.9377467,-73.6142992,0
968813915,5.9289067,-73.6197764,0
968813916,5.9277297,-73.6163268,0
968813917,5.9283947,-73.6191225,0
968813922,5.9340461,-73.6159625,0
968813924,5.92887,-73.61331,0
968813928,5.93573,-73.6143784,0
968813931,5.9397036,-73.6143306,0
968813935,5.9279046,-73.6166449,0
968813937,5.9385467,-73.6157237,0
968813939,5.9298466,-73.6189953,0
968813941,5.932414,-73.6174802,0
968813943,5.9343317,-73.6145314,0
968813948,5.9277363,-73.619246,0
968813950,5.932455,-73.6141277,0
968813952,5.928638,-73.6175549,0
968813954,5.929201,-73.613768,0
968813956,5.9409703,-73.6128496,0
968813961,5.936915,-73.612286,0
968813963,5.9296777,-73.6147214,0
968813965,5.9276737,-73.6188232,0
968813967,5.9373598,-73.6087421,0
968813968,5.929035,-73.618617,0
968813969,5.9280208,-73.6208679,0
968813976,5.929103,-73.613636,0
968813981,5.9274769,-73.6171398,0
968813984,5.92881,-73.61855,0
968813990,5.9331034,-73.6107887,0
968813992,5.9296117,-73.6134923,0
968813997,5.929076,-73.613351,0
968814005,5.928213,-73.6181537,0
968814006,5.9277032,-73.6231975,0
968814008,5.9307462,-73.6168071,0
968814010,5.928858,-73.613387,0
968814018,5.9356454,-73.6097731,0
968814022,5.9310467,-73.6138905,0
968814024,5.927023,-73.618228,0
968814027,5.936266,-73.614053,0
968814036,5.9372317,-73.6084713,0
968814038,5.93008,-73.618428,0
968814040,5.9279626,-73.622936,0
968814042,5.929098,-73.614058,0
968814044,5.9293437,-73.6157582,0
968814052,5.9281263,-73.6151083,0
968814054,5.9313574,-73.6152173,0
968814055,5.9342341,-73.6091274,0
968814058,5.9389488,-73.6123171,0
968814059,5.9303737,-73.6132699,0
968814066,5.9299021,-73.6191871,0
968814068,5.9270604,-73.6202916,0
968814071,5.929046,-73.61324,0
968814076,5.929098,-73.619315,0
968814084,5.9283614,-73.6191568,0
968814086,5.9318743,-73.6111085,0
968814089,5.92932,-73.612968,0
968814092,5.9336873,-73.6123921,0
968814095,5.930093,-73.6141965,0
968814097,5.927121,-73.618793,0
968814115,5.9404381,-73.6127141,0
968814121,5.9374122,-73.6148975,0
968814124,5.929844,-73.618863,0
968814127,5.9268306,-73.6228659,0
968814129,5.93396,-73.613552,0
968814140,5.927201,-73.614591,0
968814144,5.932818,-73.612062,0
968814152,5.927594,-73.6195253,0
968814155,5.9331297,-73.6135104,0
968814165,5.929203,-73.613882,0
968814167,5.936814,-73.612597,0
968814169,5.9298134,-73.6139759,0
968814171,5.92894,-73.616439,0
968814173,5.9369506,-73.6091416,0
968814187,5.9318721,-73.6156573,0
968814190,5.929053,-73.61355,0
968814204,5.928708,-73.618562,0
968814207,5.9328441,-73.6107814,0
968814217,5.9302195,-73.6173004,0
968814220,5.931748,-73.6120434,0
968814227,5.9352897,-73.6140936,0
968814250,5.9328313,-73.6156991,0
968814251,5.928962,-73.6142552,0
968814259,5.9282,-73.620597,0
968814264,5.9278293,-73.6157233,0
968814284,5.9271645,-73.6230939,0
968901797,5.930269,-73.6139945,0
968902028,5.9339429,-73.6160585,0
968902096,5.9342737,-73.6157509,0
968902166,5.9344871,-73.6155524,0
968902253,5.9346317,-73.615418,0
968902320,5.9351939,-73.6148811,0
968902545,5.9341108,-73.6149877,0
968902673,5.9337167,-73.6137091,0
968902943,5.9369129,-73.6146766,0
968904204,5.9400993,-73.6126276,0
968904389,5.9405201,-73.6115301,0
968905124,5.9401593,-73.6118169,0
968907332,5.9315601,-73.6127512,0
968911746,5.9348359,-73.6112379,0
968911768,5.9355067,-73.6113984,0
968911793,5.9357388,-73.6114602,0
1023517725,5.9571952,-73.5937631,0
1023518301,5.9172298,-73.6258809,0
1023518805,5.9286737,-73.6092865,0
1023520887,5.9179279,-73.6253767,0
1023521323,5.9326955,-73.605906,0
1023521855,5.9447205,-73.599921,0
1023522822,5.9256255,-73.612672,0
1023524431,5.9224055,-73.6226838,0
1023524683,5.9348261,-73.6043342,0
1023525064,5.9529136,-73.5960751,0
1023526073,5.9228502,-73.622242,0
1023526406,5.9393708,-73.6023704,0
1023526923,5.9535328,-73.5957975,0
1023527452,5.9153393,-73.6279823,0
1023527674,5.9280867,-73.6097224,0
1023528620,5.9246288,-73.6179364,0
1023528827,5.9428795,-73.6007393,0
1023529166,5.9583684,-73.5933112,0
1023529712,5.9252182,-73.6161251,0
1023530124,5.9599789,-73.5928173,0
1023530439,5.9192031,-73.6246182,0
1023530583,5.9343468,-73.6046523,0
1023530802,5.9473545,-73.598809,0
1023531224,5.9258211,-73.6119223,0
1023531838,5.9149939,-73.6286206,0
1023531981,5.9259414,-73.6116278,0
1023532642,5.9233804,-73.6215513,0
1023532791,5.9408554,-73.6017542,0
1023533009,5.9548446,-73.595119,0
1023533302,5.9161589,-73.6268786,0
1023533448,5.9291503,-73.6088681,0
1023534086,5.9187723,-73.6248566,0
1023534211,5.9302807,-73.607791,0
1023534407,5.9463924,-73.5992409,0
1023534777,5.9254169,-73.6151463,0
1023535423,5.9209279,-73.6237059,0
1023535573,5.9353193,-73.6040346,0
1023535812,5.9501707,-73.5973175,0
1023536110,5.9142753,-73.6301596,0
1023536248,5.923096,-73.6219502,0
1023536372,5.93582,-73.6037587,0
1023536619,5.9540305,-73.5955649,0
1023536918,5.9157085,-73.6274314,0
1023537062,5.9262979,-73.6110455,0
1023537714,5.9237155,-73.6209488,0
1023537846,5.9436567,-73.600374,0
1023538042,5.956854,-73.5939263,0
1023538347,5.9169245,-73.6261316,0
1023538511,5.9253414,-73.615616,0
1023539111,5.9195168,-73.6244494,0
1023539222,5.9323184,-73.6061965,0
1023539375,5.9482413,-73.5983622,0
1023539554,5.9142445,-73.630155,0
1023539652,5.9254071,-73.6133583,0
1023540077,5.9221096,-73.6230224,0
1023540169,5.9260646,-73.6113894,0
1023540313,5.9517465,-73.5965698,0
1023540595,5.9235173,-73.621327,0
1023540695,5.9374453,-73.6030382,0
1023540888,5.9564203,-73.5941582,0
1023541139,5.9163914,-73.6266304,0
1023541291,5.9269129,-73.6104741,0
1023541946,5.9241997,-73.6195585,0
1023542072,5.9309657,-73.6072074,0
1023542278,5.9578437,-73.5934956,0
1023542644,5.9254614,-73.6146779,0
1023543169,5.9216396,-73.6232741,0
1023543273,5.9336867,-73.6051316,0
1023543517,5.9509227,-73.5969418,0
1023544017,5.9143126,-73.6300937,0
1023544235,5.9257134,-73.6122716,0
1023544439,5.9366537,-73.6033588,0
1023545231,5.9145005,-73.6297136,0
1023545472,5.9265946,-73.6107303,0
1023546482,5.9239723,-73.6203156,0
1023546720,5.9401036,-73.6020878,0
1059086858,5.936729,-73.6137365,0
1059087013,5.8797947,-73.5704333,0
1877119916,5.8788297,-73.5695911,0
1877119938,5.8783976,-73.5749348,0
1877119960,5.8749845,-73.5692758,0
1877119991,5.8778212,-73.5702927,0
1877119993,5.877394,-73.5705783,0
1877119998,5.870828,-73.5710491,0
1877120008,5.8699971,-73.5711762,0
1877120011,5.8766836,-73.5696937,0
1877120095,5.8742353,-73.5712964,0
1877120109,5.8688245,-73.5715627,0
1877120114,5.8720221,-73.5704801,0
1877120115,5.8760089,-73.5686275,0
1877120117,5.8744795,-73.571044,0
1877120119,5.8715677,-73.5706167,0
1877121103,5.8601911,-73.5710218,0
1877121107,5.859345,-73.5735109,0
1877121109,5.8545607,-73.5717594,0
1877121111,5.8640163,-73.5717111,0
1877121112,5.8559978,-73.5702262,0
1877121116,5.8544061,-73.5727854,0
1877121118,5.8559244,-73.5734762,0
1877121119,5.8596779,-73.5723948,0
1877121121,5.8573196,-73.5720131,0
1877121123,5.8548526,-73.5730613,0
1877121127,5.8528827,-73.5741554,0
1877121129,5.8563904,-73.5742598,0
1877121130,5.8546696,-73.5704944,0
1877121132,5.86172,-73.5729004,0
1877121133,5.8521067,-73.574563,0
1877121134,5.8586548,-73.5674131,0
1877121135,5.8496666,-73.5743799,0
1877121138,5.8599329,-73.5685944,0
1877121142,5.8536738,-73.5731114,0
1877121143,5.8695954,-73.5713758,0
1877121145,5.857405,-73.5686544,0
1877121153,5.8572124,-73.5690959,0
1877121155,5.8627819,-73.5718672,0
1877124077,5.763005,-73.5815441,0
1877124078,5.7421465,-73.5734867,0
1877124079,5.7612651,-73.5808145,0
1877124080,5.8302287,-73.5746942,0
1877124081,5.7515831,-73.5804605,0
1877124082,5.7739251,-73.5742592,0
1877124083,5.8135364,-73.5783147,0
1877124084,5.7731619,-73.5723227,0
1877124085,5.8148919,-73.5788404,0
1877124086,5.7847168,-73.5801708,0
1877124087,5.8206909,-73.5761732,0
1877124088,5.7757184,-73.5787546,0
1877124089,5.7961381,-73.5817586,0
1877124090,5.7763055,-73.5788297,0
1877124091,5.8133976,-73.5820698,0
1877124092,5.7510707,-73.5807072,0
1877124093,5.7433314,-73.5766517,0
1877124094,5.7441,-73.5777568,0
1877124095,5.7385703,-73.5734867,0
1877124096,5.8015391,-73.5774886,0
1877124097,5.8001621,-73.5795914,0
1877124098,5.8039834,-73.5761796,0
1877124099,5.796042,-73.5824024,0
1877124100,5.7963195,-73.5808681,0
1877124101,5.8196556,-73.5763014,0
1877124102,5.7551912,-73.5797845,0
1877124103,5.8468477,-73.5775772,0
1877124104,5.7479216,-73.580836,0
1877124105,5.773829,-73.5690986,0
1877124106,5.7843539,-73.577789,0
1877124107,5.7853359,-73.5777139,0
1877124108,5.7925409,-73.5805785,0
1877124109,5.8259209,-73.5780722,0
1877124110,5.8144863,-73.5807716,0
1877124111,5.8152762,-73.5734331,0
1877124112,5.799906,-73.5797202,0
1877124113,5.8083703,-73.5774242,0
1877124114,5.7617668,-73.5811364,0
1877124115,5.7739998,-73.5678648,0
1877124116,5.7457226,-73.5793017,0
1877124117,5.8377886,-73.5842113,0
1877124118,5.7772021,-73.5783254,0
1877124119,5.8453366,-73.5792996,0
1877124120,5.8392636,-73.5866242,0
1877124121,5.7666984,-73.5810505,0
1877124122,5.7771808,-73.5778319,0
1877124123,5.7635815,-73.5813188,0
1877124124,5.7647557,-73.5807179,0
1877124125,5.8009627,-73.5786258,0
1877124126,5.7430325,-73.5758041,0
1877124127,5.7731084,-73.571636,0
1877124128,5.773434,-73.5694205,0
1877124129,5.8125864,-73.5773384,0
1877124130,5.8146998,-73.5802888,0
1877124131,5.8256615,-73.5787331,0
1877124132,5.8236533,-73.5763454,0
1877124133,5.775697,-73.5761045,0
1877124134,5.7749178,-73.5763191,0
1877124135,5.8475708,-73.5778291,0
1877124136,5.76973,-73.5812973,0
1877124137,5.8239885,-73.5783742,0
1877124138,5.785037,-73.5816728,0
1877124139,5.772895,-73.5733258,0
1877124140,5.7993551,-73.5796262,0
1877124141,5.7719823,-73.5788189,0
1877124142,5.7565789,-73.5805034,0
1877124143,5.7371933,-73.573476,0
1877124144,5.7732206,-73.569957,0
1877124145,5.7538675,-73.5795592,0
1877124146,5.8139527,-73.5743557,0
1877124147,5.8206925,-73.5752436,0
1877124148,5.7739037,-73.5762011,0
1877124149,5.7444416,-73.5783469,0
1877124150,5.77519,-73.5673874,0
1877124151,5.7939819,-73.5820376,0
1877124152,5.8424234,-73.5817388,0
1877124153,5.7516685,-73.5800849,0
1877124154,5.7920926,-73.5805677,0
1877124155,5.7730711,-73.5737817,0
1877124156,5.8137072,-73.5818016,0
1877124157,5.7725587,-73.5815333,0
1877124158,5.8130881,-73.5818445,0
1877124159,5.8142254,-73.5787492,0
1877124160,5.8414884,-73.5848829,0
1877124161,5.7409615,-73.5718345,0
1877124162,5.7391788,-73.5718345,0
1877124163,5.7840443,-73.5765659,0
1877124164,5.7961167,-73.5812866,0
1877124165,5.7739304,-73.5686426,0
1877124166,5.8233699,-73.5753578,0
1877124167,5.8423033,-73.5824287,0
1877124168,5.8058193,-73.5768234,0
1877124169,5.8050935,-73.5763084,0
1877124170,5.7795931,-73.5700964,0
1877124171,5.8125331,-73.5765122,0
1877124172,5.7677446,-73.5811149,0
1877124173,5.772057,-73.5818659,0
1877124174,5.8359645,-73.5804449,0
1877124175,5.7715126,-73.5794305,0
1877124176,5.7981933,-73.5797148,0
1877124177,5.8310036,-73.5764248,0
1877124178,5.7947291,-73.582853,0
1877124179,5.7849516,-73.5776924,0
1877124180,5.7658872,-73.5807716,0
1877124181,5.8261466,-73.5749984,0
1877124182,5.7726228,-73.5785614,0
1877124183,5.7714913,-73.5790121,0
1877124184,5.8255484,-73.5756684,0
1877124185,5.7757504,-73.567602,0
1877124186,5.7390827,-73.5722207,0
1877124187,5.8259791,-73.578444,0
1877124188,5.7744481,-73.5673284,0
1877124189,5.7836707,-73.5758149,0
1877124190,5.8148599,-73.5794734,0
1877124191,5.7703385,-73.5815655,0
1877124192,5.773765,-73.5784649,0
1877124193,5.7724947,-73.5816299,0
1877124194,5.8249475,-73.5789139,0
1877124195,5.7605499,-73.5807287,0
1877124196,5.8295477,-73.575515,0
1877124197,5.7840763,-73.5772954,0
1877124198,5.8019127,-73.5767054,0
1877124199,5.8134403,-73.5754072,0
1877124200,5.7861792,-73.5830676,0
1877124201,5.7968105,-73.5805892,0
1877124202,5.7585324,-73.5805248,0
1877124203,5.8015498,-73.5781001,0
1877124204,5.8140808,-73.5813188,0
1877124205,5.8110494,-73.5796558,0
1877124206,5.8007706,-73.5790013,0
1877124207,5.8073136,-73.5770272,0
1877124208,5.8016031,-73.5770809,0
1877124209,5.7418476,-73.5727786,0
1877124210,5.8309662,-73.5743879,0
1877124211,5.8045064,-73.5760831,0
1877124212,5.813942,-73.5749566,0
1877124213,5.7414846,-73.5722529,0
1877124214,5.8116898,-73.5800635,0
1877124215,5.8208921,-73.5746803,0
1877124216,5.7525011,-73.5795914,0
1877124217,5.8123623,-73.5806965,0
1877124218,5.7374281,-73.5735618,0
1877124219,5.7399367,-73.5716735,0
1877124220,5.810345,-73.5791515,0
1877124221,5.8276393,-73.5750043,0
1877124223,5.8454316,-73.5778067,0
1877124224,5.8126932,-73.5759865,0
1877124226,5.739403,-73.571695,0
1877124228,5.7450453,-73.5790282,0
1877124230,5.7465019,-73.5796021,0
1877124232,5.7805859,-73.5710405,0
1877124234,5.8483864,-73.5776291,0
1877124236,5.7485087,-73.5810076,0
1877124237,5.800461,-73.5793232,0
1877124238,5.7957431,-73.5827457,0
1877124239,5.7853845,-73.5780518,0
1877124240,5.8202239,-73.5764017,0
1877124241,5.8142515,-73.5738086,0
1877124242,5.8379727,-73.5832322,0
1877124249,5.7929679,-73.5807716,0
1877124251,5.8257469,-73.5754501,0
1877124253,5.8146678,-73.5735511,0
1877124255,5.7916395,-73.5812597,0
1877124257,5.7624713,-73.5815441,0
1877124259,5.8301454,-73.5751695,0
1877124260,5.7688547,-73.5812437,0
1877124261,5.7716301,-73.5819625,0
1877124262,5.7891145,-73.5819196,0
1877124263,5.7857735,-73.5829603,0
1877124264,5.8209818,-73.5758009,0
1877124265,5.8094911,-73.5784005,0
1877124266,5.7711177,-73.5819732,0
1877124267,5.789983,-73.5823411,0
1877124268,5.7470997,-73.5802137,0
1877124269,5.781237,-73.5724138,0
1877124270,5.8129493,-73.5777353,0
1877124272,5.7777038,-73.5687124,0
1877124274,5.816002,-73.5736369,0
1877124275,5.8012082,-73.5784863,0
1877124288,5.7382608,-73.573712,0
1877124290,5.8067693,-73.5770165,0
1877124292,5.7817067,-73.5731541,0
1877124294,5.8173159,-73.5747404,0
1877124296,5.8287381,-73.5757103,0
1877124298,5.7593863,-73.5806643,0
1877124299,5.786446,-73.5827672,0
1877124300,5.7770847,-73.577274,0
1877124301,5.7848459,-73.5791505,0
1877124302,5.7378231,-73.573594,0
1877124303,5.8363679,-73.5809529,0
1877124304,5.7402677,-73.5716735,0
1877124305,5.7387198,-73.5732721,0
1877124306,5.8306092,-73.5736852,0
1877124307,5.8410065,-73.5815113,0
1877124308,5.7768605,-73.5765552,0
1877124310,5.757593,-73.5803907,0
1877124312,5.7871612,-73.5815548,0
1877124314,5.7769032,-73.5786365,0
1877124328,5.7497577,-73.580836,0
1877124331,5.7952521,-73.5830246,0
1877124333,5.7973442,-73.5800528,0
1877124335,5.7519033,-73.5796665,0
1877124336,5.8476067,-73.5739566,0
1877124337,5.7740318,-73.5745489,0
1877124338,5.7985397,-73.5796558,0
1877124339,5.7734127,-73.5757612,0
1877124340,5.7734767,-73.5760509,0
1877124341,5.7764335,-73.5763084,0
1877124342,5.7989773,-73.5797202,0
1877124343,5.7911106,-73.5817372,0
1877124344,5.7642967,-73.5809111,0
1877124345,5.7491279,-73.5809862,0
1877124347,5.7751099,-73.5785185,0
1877127063,5.679697,-73.5778091,0
1877127065,5.7289446,-73.5734681,0
1877127067,5.6995943,-73.5703646,0
1877127069,5.7038219,-73.5681974,0
1877127071,5.7009288,-73.5702573,0
1877127073,5.7177426,-73.5668349,0
1877127075,5.7252794,-73.5731006,0
1877127076,5.6818416,-73.5767804,0
1877127078,5.711162,-73.5661428,0
1877127090,5.7064588,-73.569281,0
1877127091,5.7064375,-73.5684978,0
1877127092,5.7253969,-73.5707188,0
1877127093,5.6925269,-73.5753213,0
1877127094,5.7245914,-73.5682113,0
1877127095,5.6708864,-73.5768019,0
1877127096,5.7335103,-73.5743128,0
1877127098,5.7292371,-73.5733804,0
1877127100,5.6712601,-73.5769307,0
1877127102,5.6790431,-73.5778533,0
1877127104,5.7250235,-73.5690557,0
1877127106,5.6692956,-73.5786687,0
1877127108,5.6698508,-73.5776066,0
1877127110,5.7368517,-73.5734974,0
1877127112,5.7126614,-73.5674035,0
1877127114,5.6666519,-73.5785856,0
1877127116,5.7190397,-73.5675806,0
1877127118,5.7180896,-73.5664916,0
1877127120,5.71865,-73.5668457,0
1877127128,5.7185112,-73.566379,0
1877127129,5.6925253,-73.57611,0
1877127130,5.6830826,-73.5766236,0
1877127131,5.6674913,-73.579806,0
1877127132,5.6865844,-73.5752368,0
1877127133,5.7304893,-73.5719632,0
1877127135,5.6905502,-73.5754073,0
1877127137,5.7103768,-73.5646998,0
1877127139,5.7353251,-73.5751175,0
1877127141,5.7252367,-73.5712606,0
1877127143,5.6924759,-73.573287,0
1877127145,5.6969254,-73.5713839,0
1877127147,5.7363499,-73.5737013,0
1877127149,5.7251673,-73.5724461,0
1877127151,5.7253381,-73.5698444,0
1877127153,5.7075691,-73.565086,0
1877127155,5.6928792,-73.5732078,0
1877127157,5.7262989,-73.5735512,0
1877127159,5.684253,-73.5761153,0
1877127161,5.7349088,-73.5754501,0
1877127168,5.7094053,-73.5647856,0
1877127169,5.7352711,-73.5753443,0
1877127170,5.7353678,-73.5747313,0
1877127171,5.671527,-73.5774671,0
1877127172,5.6695946,-73.5782718,0
1877127173,5.734407,-73.5752462,0
1877127175,5.6920892,-73.5763084,0
1877127177,5.7109746,-73.5674786,0
1877127179,5.7136435,-73.5666632,0
1877127181,5.6861197,-73.5753858,0
1877127183,5.6956229,-73.5722529,0
1877127185,5.6679291,-73.579688,0
1877127187,5.7016227,-73.5700213,0
1877127189,5.7307134,-73.5720061,0
1877127191,5.6836391,-73.5763942,0
1877127193,5.6912138,-73.575772,0
1877127195,5.6824755,-73.5766571,0
1877127197,5.667107,-73.5796558,0
1877127199,5.6916088,-73.5761582,0
1877127206,5.7360083,-73.574227,0
1877127207,5.7230109,-73.5687178,0
1877127208,5.722237,-73.5687232,0
1877127209,5.6848923,-73.5759892,0
1877127210,5.7195254,-73.5679936,0
1877127212,5.725114,-73.5718989,0
1877127214,5.7242549,-73.5679614,0
1877127216,5.7301476,-73.5721992,0
1877127218,5.6751249,-73.5777139,0
1877127220,5.671954,-73.5784005,0
1877127222,5.7266832,-73.5735136,0
1877127223,5.6702031,-73.5772525,0
1877127225,5.7065122,-73.5689484,0
1877127227,5.6771961,-73.577038,0
1877127229,5.7236194,-73.5683584,0
1877127231,5.7108572,-73.5649466,0
1877127233,5.694894,-73.5724515,0
1877127236,5.7233632,-73.5685676,0
1877127237,5.723881,-73.5681492,0
1877127239,5.7062133,-73.5677575,0
1877127247,5.7025088,-73.5694098,0
1877127248,5.7113269,-73.5655581,0
1877127249,5.6919648,-73.5740165,0
1877127250,5.680463,-73.5775208,0
1877127252,5.6812424,-73.5769736,0
1877127254,5.7075371,-73.5654186,0
1877127256,5.6704914,-73.5769414,0
1877127257,5.7078467,-73.5648071,0
1877127259,5.6856035,-73.5756687,0
1877127261,5.706715,-73.5661911,0
1877127263,5.7143588,-73.5668241,0
1877127265,5.7049429,-73.569399,0
1877127267,5.7053486,-73.5694741,0
1877127269,5.6739292,-73.5787117,0
1877127271,5.7346312,-73.5754286,0
1877127273,5.7120956,-73.5677361,0
1877127275,5.7131845,-73.5668992,0
1877127277,5.7258345,-73.5737175,0
1877127284,5.6745377,-73.5779821,0
1877127285,5.6807833,-73.5773384,0
1877127286,5.7042169,-73.5683476,0
1877127287,5.7255253,-73.5736047,0
1877127288,5.668559,-73.5793125,0
1877127290,5.7152662,-73.5673176,0
1877127292,5.692655,-73.5757076,0
1877127293,5.706256,-73.5695814,0
1877127295,5.7057969,-73.5696565,0
1877127297,5.7202019,-73.5683896,0
1877127299,5.7063414,-73.5671567,0
1877127301,5.6893775,-73.5752892,0
1877127303,5.6981958,-73.5707294,0
1877127305,5.732272,-73.5731648,0
1877127307,5.6782103,-73.5776495,0
1877127309,5.7083164,-73.5648071,0
1877127311,5.7358802,-73.5744308,0
1877127313,5.733062,-73.5735511,0
1877127315,5.7298487,-73.572682,0
1877127317,5.7171985,-73.5672747,0
1877127324,5.6764594,-73.5772847,0
1877127325,5.6775911,-73.5772525,0
1877127326,5.716686,-73.5677146,0
1877127327,5.7296731,-73.5733236,0
1877127328,5.7070887,-73.5658478,0
1877127329,5.6877024,-73.5753416,0
1877127331,5.7107825,-73.5669743,0
1877127332,5.692249,-73.5748038,0
1877127334,5.6919875,-73.5742606,0
1877127336,5.7314927,-73.5724246,0
1877127338,5.7114123,-73.5677146,0
1877127340,5.6665091,-73.5775637,0
1877127342,5.7162377,-73.5677468,0
1877127344,5.7046013,-73.5688519,0
1877127346,5.6733313,-73.5791086,0
1877127348,5.6736788,-73.5790282,0
1877127350,5.6669148,-73.5793768,0
1877127352,5.6964023,-73.571931,0
1878561455,5.8782909,-73.5746483,0
1878561459,5.8779984,-73.5701057,0
1878561461,5.876424,-73.568891,0
1988986307,5.7240624,-73.5680205,0
1988986362,5.718207,-73.5663897,0
1988986423,5.7281084,-73.5734654,0
1988986520,5.727612,-73.5735834,0
1988986620,5.7188262,-73.5672587,0
1988986640,5.7199204,-73.5682565,0
1988986646,5.7179401,-73.5666364,0
1988986658,5.7251673,-73.5721886,0
1988986670,5.725146,-73.571561,0
1988986744,5.7197122,-73.5681063,0
1988986764,5.7215804,-73.5686588,0
1988986808,5.7210562,-73.5684771,0
1988986847,5.7206496,-73.5684152,0
1988987089,5.7244172,-73.5680701,0
1988987098,5.7284976,-73.5734292,0
1988987187,5.7226426,-73.5687339,0
1988987249,5.7253969,-73.5702843,0
1988987320,5.7247937,-73.5684282,0
1988987333,5.7253915,-73.5733527,0
1989013977,5.7350708,-73.5754666,0
1989026195,5.7873761,-73.5815125,0
1989026238,5.7847854,-73.5808958,0
1989026278,5.7853502,-73.5823902,0
1989026395,5.7897908,-73.5823013,0
1989026403,5.7877952,-73.5816167,0
1989026443,5.7903217,-73.5822049,0
1989026529,5.785164,-73.5776289,0
1989026545,5.7847528,-73.5796588,0
1989026582,5.7842134,-73.5776875,0
1989026623,5.7854224,-73.5779128,0
1989026645,5.7870231,-73.5816625,0
1989026668,5.7886758,-73.5817722,0
1989026696,5.7839282,-73.5761624,0
1989026710,5.7867101,-73.5822722,0
1989026732,5.7860283,-73.583083,0
1989026883,5.7846484,-73.5777853,0
1989026972,5.7840621,-73.5769708,0
1989027129,5.7851292,-73.5784839,0
2149134335,5.929758,-73.623968,0
2149134338,5.929709,-73.627393,0
2149134339,5.93,-73.62392,0
2149134340,5.929489,-73.625275,0
2149134341,5.929661,-73.625033,0
2149134342,5.929489,-73.625365,0
2149134345,5.929783,-73.627317,0
2149134347,5.930087,-73.62492,0
2149134348,5.9298659,-73.6270301,0
2149134350,5.930168,-73.623909,0
2149134355,5.930335,-73.623944,0
2149134356,5.930389,-73.624624,0
2149134357,5.93045,-73.624276,0
2451048149,5.9350414,-73.6113894,0
2451049815,5.9403707,-73.6127308,0
2488319638,5.9303828,-73.6162539,0
2488319639,5.930819,-73.6158613,0
2488319640,5.9311764,-73.6163094,0
2488319642,5.9307245,-73.616721,0
2488584581,5.9345442,-73.6148613,0
2488584582,5.9347496,-73.6152286,0
2488584583,5.9345042,-73.6152159,0
2488584584,5.93436,-73.6149823,0
2599933556,5.9109513,-73.6334115,0
2854018025,5.9259374,-73.6216166,0
2854019408,5.9208478,-73.6264694,0
3072717035,5.9299483,-73.6190875,0
3072719133,5.9301197,-73.6171857,0
3074175947,5.9301871,-73.6193607,0
3074180722,5.9301333,-73.6196591,0
3074180726,5.9301005,-73.6197209,0
3074181012,5.9305455,-73.6194056,0
3074186733,5.9298925,-73.6195662,0
3074193190,5.9299986,-73.6191663,0
3074194788,5.9303815,-73.6180362,0
3074195000,5.9320676,-73.6171189,0
3074199050,5.9307457,-73.6180402,0
3074199217,5.9310191,-73.6176606,0
3074199790,5.9309418,-73.617721,0
3074199969,5.9314182,-73.6171016,0
3474624884,5.928355,-73.62304,0
3474624885,5.928754,-73.623969,0
3474624886,5.928828,-73.624049,0
3474624887,5.929011,-73.624127,0
3474624889,5.929204,-73.624128,0
3474625795,5.930343,-73.624728,0
3679587489,5.8465993,-73.5775242,0
3679587491,5.8472279,-73.5777738,0
3679587493,5.8475645,-73.574104,0
3679587494,5.8477159,-73.5763399,0
3679587495,5.8477491,-73.573883,0
3679587496,5.847817,-73.576541,0
3679587497,5.848028,-73.5777628,0
3679587498,5.8485797,-73.5771,0
3679587499,5.8486126,-73.5774181,0
3679587500,5.8524894,-73.5744378,0
3679587501,5.8542408,-73.5727422,0
3679587502,5.8546789,-73.5730444,0
3679587503,5.8552501,-73.5727638,0
3679587504,5.8554369,-73.5727249,0
3679587509,5.8560898,-73.5740159,0
3679587510,5.856225,-73.574208,0
3679587512,5.8565837,-73.5742274,0
3679587519,5.8575135,-73.5729991,0
3679587857,5.8592892,-73.5732497,0
3679587870,5.8597234,-73.5741448,0
3679587879,5.8600757,-73.574102,0
3679587882,5.8602384,-73.5706095,0
3679588366,5.8722659,-73.5704913,0
3679588440,5.8740665,-73.5713066,0
3679588447,5.8746586,-73.5704962,0
3679588449,5.87541,-73.5686555,0
3679588450,5.8762551,-73.5687283,0
3679588451,5.8771665,-73.5705598,0
3679588452,5.8773107,-73.5706413,0
3905820693,5.955366,-73.646258,0
3905820694,5.954409,-73.645019,0
3905820695,5.9534734,-73.6447361,0
3905820696,5.9531143,-73.644269,0
4062672813,5.9314787,-73.6174131,0
4188216648,5.9316821,-73.616015,0
4228200996,5.9392755,-73.6089046,0
4228200997,5.9409957,-73.6090435,0
4228200998,5.9421068,-73.6082697,0
4228200999,5.9444558,-73.6079103,0
4228201000,5.9500348,-73.6062775,0
4228201001,5.9520363,-73.6052549,0
4228201002,5.9528033,-73.6045213,0
4228201003,5.953244,-73.604395,0
4228201004,5.9546588,-73.6036355,0
4228201005,5.9558832,-73.6034471,0
4228201006,5.957902,-73.6038313,0
4228201007,5.9601595,-73.6037582,0
4228201008,5.9607601,-73.6044351,0
4228201010,5.938695,-73.6091092,0
4228201011,5.9389812,-73.6089953,0
4228201012,5.9396204,-73.6088035,0
4228201013,5.9398605,-73.6087753,0
4228201014,5.9400606,-73.6087994,0
4228201015,5.9403367,-73.6088906,0
4228201016,5.9407249,-73.6090583,0
4228201017,5.940869,-73.6090918,0
4228201018,5.9412251,-73.6088638,0
4228201019,5.94168,-73.608503,0
4228201020,5.942539,-73.6081691,0
4228201021,5.9431086,-73.6080819,0
4228201022,5.9434994,-73.608027,0
4228201023,5.944145,-73.6079733,0
4228201024,5.9453389,-73.6075991,0
4228201025,5.9463806,-73.6072907,0
4228201026,5.9467266,-73.6072366,0
4228201027,5.9472196,-73.6071579,0
4228201028,5.9475411,-73.6070828,0
4228201029,5.948152,-73.6068401,0
4228201030,5.9483508,-73.6067623,0
4228201031,5.9492748,-73.6065273,0
4228201032,5.949802,-73.6063667,0
4228201033,5.9503516,-73.6060958,0
4228201034,5.9508625,-73.6058638,0
4228201035,5.9517557,-73.6054115,0
4228201036,5.9521393,-73.6051489,0
4228201037,5.952323,-73.6048225,0
4228201038,5.952441,-73.604711,0
4228201039,5.9536047,-73.6041751,0
4228201040,5.9538797,-73.6039392,0
4228201041,5.9540798,-73.6038011,0
4228201042,5.9550402,-73.6035919,0
4228201043,5.9561419,-73.6034659,0
4228201044,5.9574698,-73.6038125,0
4228201045,5.9577146,-73.60384,0
4228201046,5.9596807,-73.603667,0
4228201047,5.9598834,-73.6036643,0
4228201048,5.9600515,-73.6036992,0
4228201049,5.960241,-73.603814,0
4228201050,5.960423,-73.60401,0
4228219037,5.9306203,-73.6311499,0
4228219050,5.929557,-73.625691,0
4228219051,5.929626,-73.625901,0
4228219052,5.929752,-73.626399,0
4228219053,5.929839,-73.626869,0
4228219054,5.9298367,-73.6272218,0
4228219055,5.929274,-73.627682,0
4228225728,5.9533573,-73.6273457,0
4228226060,5.9523517,-73.6270818,0
4228226061,5.950683,-73.6253428,0
4228226062,5.9493883,-73.6227881,0
4228226063,5.949306,-73.622414,0
4228226064,5.948669,-73.621571,0
4228226065,5.9486682,-73.6210719,0
4228226066,5.948028,-73.6208653,0
4228226067,5.947632,-73.620157,0
4228226068,5.947009,-73.619711,0
4228226069,5.94631,-73.619469,0
4228226070,5.945004,-73.61864,0
4228226071,5.943896,-73.617552,0
4228226072,5.939997,-73.616267,0
4228226074,5.9531567,-73.6272986,0
4228226075,5.952922,-73.627253,0
4228226076,5.952564,-73.6271578,0
4228226077,5.9521217,-73.6269381,0
4228226078,5.951913,-73.6267654,0
4228226079,5.951746,-73.626647,0
4228226081,5.950368,-73.624839,0
4228226082,5.949884,-73.623835,0
4228226083,5.9496667,-73.6234252,0
4228226084,5.9495113,-73.6230968,0
4228226085,5.9493463,-73.6225256,0
4228226086,5.9491553,-73.622164,0
4228226087,5.9488937,-73.6219365,0
4228226088,5.9487877,-73.6218316,0
4228226089,5.94872,-73.621738,0
4228226090,5.948667,-73.621402,0
4228226091,5.9486736,-73.6211979,0
4228226092,5.9486296,-73.6210263,0
4228226093,5.9485495,-73.6210142,0
4228226094,5.9483148,-73.6210169,0
4228226095,5.9481507,-73.6209498,0
4228226096,5.9479599,-73.6208117,0
4228226097,5.9479266,-73.6207621,0
4228226098,5.9478079,-73.6204496,0
4228226099,5.9477518,-73.6202833,0
4228226100,5.947346,-73.61989,0
4228226101,5.947146,-73.619773,0
4228226102,5.946456,-73.619535,0
4228226103,5.945726,-73.619132,0
4228226104,5.94514,-73.618753,0
4228226105,5.944233,-73.617793,0
4228226106,5.944059,-73.617642,0
4228226107,5.943124,-73.617266,0
4228226108,5.942469,-73.617134,0
4228226109,5.942319,-73.617086,0
4228226110,5.941919,-73.616922,0
4228226111,5.9413712,-73.6167468,0
4228226113,5.940695,-73.616403,0
4228226114,5.940323,-73.616271,0
4228226115,5.94021,-73.616256,0
4228226116,5.939756,-73.616313,0
4228226117,5.939525,-73.616331,0
4228226190,5.955729,-73.647357,0
4228226212,5.953113,-73.643134,0
4228226213,5.953369,-73.642363,0
4228226214,5.953311,-73.642209,0
4228226215,5.9501595,-73.6401068,0
4228226216,5.9499727,-73.6397095,0
4228226217,5.9495387,-73.6395319,0
4228226218,5.948291,-73.637606,0
4228226219,5.9480707,-73.6370732,0
4228226220,5.947084,-73.635948,0
4228226221,5.946987,-73.634838,0
4228226222,5.946764,-73.634499,0
4228226223,5.945391,-73.6338548,0
4228226224,5.94505,-73.633454,0
4228226225,5.9447977,-73.6329006,0
4228226226,5.944365,-73.632557,0
4228226227,5.9439797,-73.6324761,0
4228226228,5.9425943,-73.6309776,0
4228226229,5.942491,-73.630587,0
4228226230,5.941968,-73.630234,0
4228226231,5.9418457,-73.6295181,0
4228226232,5.941366,-73.6283674,0
4228226233,5.94112,-73.6281664,0
4228226234,5.9407813,-73.6272107,0
4228226235,5.9404173,-73.6270685,0
4228226236,5.9390162,-73.6164893,0
4228226237,5.955689,-73.647148,0
4228226238,5.955606,-73.646887,0
4228226239,5.955304,-73.646132,0
4228226240,5.955029,-73.645746,0
4228226241,5.954509,-73.645106,0
4228226242,5.954347,-73.644986,0
4228226243,5.954254,-73.644955,0
4228226244,5.953876,-73.6449,0
4228226245,5.953748,-73.644866,0
4228226246,5.953563,-73.644786,0
4228226247,5.953406,-73.64471,0
4228226248,5.9532163,-73.644511,0
4228226249,5.953159,-73.644411,0
4228226250,5.953113,-73.64412,0
4228226251,5.953129,-73.643979,0
4228226252,5.953116,-73.643802,0
4228226253,5.953141,-73.642996,0
4228226254,5.953245,-73.642838,0
4228226255,5.953328,-73.642633,0
4228226256,5.953341,-73.642252,0
4228226257,5.953083,-73.642035,0
4228226258,5.951519,-73.641004,0
4228226259,5.951218,-73.640777,0
4228226260,5.9503483,-73.6403241,0
4228226261,5.9502502,-73.640241,0
4228226262,5.9498757,-73.6396018,0
4228226263,5.9496333,-73.6396266,0
4228226264,5.9490233,-73.6388565,0
4228226265,5.948607,-73.638172,0
4228226266,5.948152,-73.637226,0
4228226267,5.947865,-73.636837,0
4228226268,5.947659,-73.6366304,0
4228226269,5.947163,-73.6361186,0
4228226270,5.9470423,-73.6357226,0
4228226271,5.9469477,-73.6346936,0
4228226272,5.946882,-73.634571,0
4228226273,5.946829,-73.634528,0
4228226274,5.946539,-73.634431,0
4228226275,5.946403,-73.634371,0
4228226276,5.946127,-73.6342278,0
4228226277,5.945126,-73.633575,0
4228226278,5.944983,-73.63332,0
4228226279,5.9448727,-73.6330122,0
4228226280,5.9447247,-73.632828,0
4228226281,5.944284,-73.632523,0
4228226282,5.9438097,-73.632371,0
4228226283,5.94338,-73.631907,0
4228226284,5.942917,-73.631407,0
4228226286,5.942549,-73.630722,0
4228226287,5.9424,-73.630478,0
4228226288,5.942158,-73.630328,0
4228226289,5.941916,-73.630188,0
4228226290,5.9418777,-73.630107,0
4228226291,5.941876,-73.629806,0
4228226292,5.9417987,-73.6293653,0
4228226293,5.94163,-73.6291161,0
4228226294,5.941571,-73.628898,0
4228226295,5.941397,-73.628424,0
4228226296,5.941013,-73.627978,0
4228226297,5.940975,-73.62787,0
4228226298,5.940912,-73.627547,0
4228226299,5.9408617,-73.6273415,0
4228226300,5.9406367,-73.6271776,0
4228226301,5.940517,-73.6271259,0
4228226302,5.9402793,-73.6269449,0
4228226303,5.940066,-73.6266583,0
4228226304,5.939925,-73.6264336,0
4459766642,5.9318651,-73.6172203,0
4519575805,5.9390675,-73.6145105,0
4519575806,5.9399259,-73.6157906,0
4519575807,5.9401513,-73.6157866,0
4519575808,5.9387634,-73.6133942,0
4519575809,5.9383918,-73.6134596,0
4519575810,5.9382745,-73.6135215,0
4519575811,5.9379597,-73.6129917,0
4519575812,5.9374165,-73.6132318,0
4519575813,5.9388294,-73.6122863,0
4519575818,5.937765,-73.612631,0
4519575819,5.9384192,-73.6121944,0
4519575820,5.9380518,-73.6131352,0
4519575821,5.93891,-73.6130012,0
4519575824,5.9383268,-73.6136651,0
4519575826,5.9376688,-73.6131242,0
4519575827,5.9374742,-73.612758,0
4519575828,5.9372354,-73.6128574,0
4519575829,5.9370033,-73.612466,0
4519575830,5.9369773,-73.6119101,0
4519575831,5.9367459,-73.6116589,0
4519575832,5.9367846,-73.6124415,0
4519575833,5.9395309,-73.6125805,0
4519575834,5.939506,-73.6132033,0
4519575835,5.9392,-73.6129833,0
4519575836,5.9392705,-73.6125037,0
4519575839,5.9382538,-73.6121582,0
4519575840,5.937082,-73.6125907,0
4519575841,5.9369796,-73.6147786,0
4519575842,5.9403181,-73.6157785,0
4519575843,5.940993,-73.6165497,0
4519575844,5.9404526,-73.6157736,0
4519575845,5.9405381,-73.6158808,0
4519575846,5.9369888,-73.6169991,0
4519575847,5.9367846,-73.6119652,0
4519575850,5.9398835,-73.6110479,0
4519575851,5.9396463,-73.611174,0
4519575852,5.9358632,-73.6122704,0
4519575853,5.9398344,-73.6131844,0
4519575855,5.9384186,-73.6092455,0
4519575856,5.9373257,-73.6089503,0
4536459451,5.9386828,-73.6251746,0
4536459452,5.9389211,-73.6253357,0
4536459453,5.9390492,-73.6253688,0
4536459454,5.9392306,-73.6252833,0
4536459455,5.9394835,-73.6254365,0
4536459456,5.9396842,-73.6256674,0
4536459457,5.9397423,-73.6260412,0
4536459458,5.9384633,-73.6251185,0
4536459459,5.9386356,-73.62497,0
4536459460,5.9387153,-73.6247324,0
4536459461,5.9384643,-73.6250853,0
4536459462,5.9386626,-73.6244219,0
4536459463,5.9380006,-73.6234882,0
4536459464,5.9378293,-73.6233452,0
4536459465,5.9377394,-73.6232137,0
4536459466,5.9377664,-73.6229347,0
4536459467,5.9378366,-73.62253,0
4536459468,5.9381439,-73.6221463,0
4536459469,5.9384692,-73.6219641,0
4536459470,5.938728,-73.6216767,0
4536459471,5.9389535,-73.6214487,0
4536459472,5.9389668,-73.6211751,0
4536459473,5.9388814,-73.6208694,0
4536459474,5.9388854,-73.6204067,0
4536461140,5.9389188,-73.6202605,0
4536461141,5.9389682,-73.6201411,0
4536461142,5.9387481,-73.6198501,0
4536461143,5.9386807,-73.619767,0
4536461144,5.9386153,-73.6194813,0
4536461145,5.9386433,-73.6192802,0
4536461146,5.9386453,-73.6190495,0
4536461147,5.938572,-73.618914,0
4536461148,5.9385653,-73.6185037,0
4536461149,5.9386053,-73.6181872,0
4536461150,5.9387313,-73.6179367,0
4536461151,5.9389736,-73.6176556,0
4536461152,5.9390948,-73.6174937,0
4536461153,5.9391202,-73.6173047,0
4536461154,5.9390749,-73.6170244,0
4536461155,5.9390215,-73.6168045,0
4536465907,5.9335118,-73.6296744,0
4536465908,5.9334097,-73.6296751,0
4536465909,5.9327588,-73.629781,0
4536465910,5.9316983,-73.6304542,0
4536465960,5.9515794,-73.626505,0
4536475960,5.9397218,-73.6157745,0
4536477239,5.9389078,-73.616534,0
4536477240,5.938737,-73.6165769,0
4536477241,5.9385907,-73.6166221,0
4536477242,5.9383528,-73.616652,0
4536477243,5.9381928,-73.6166091,0
4536477244,5.9380434,-73.6165554,0
4536477245,5.9378726,-73.6165554,0
4536477246,5.9376583,-73.6165926,0
4536477247,5.9375098,-73.6166413,0
4536477248,5.9372527,-73.6167361,0
4536477249,5.9369686,-73.6168836,0
4536477250,5.9366245,-73.6171693,0
4536477251,5.9361149,-73.6176936,0
4536477252,5.9355133,-73.6181764,0
4536477253,5.9351648,-73.6184076,0
4536477254,5.9349727,-73.6185349,0
4536477255,5.9346156,-73.618678,0
4536477256,5.9342481,-73.6188342,0
4536477257,5.9341394,-73.618965,0
4536477258,5.9339206,-73.6193499,0
4536477259,5.933942,-73.619476,0
4536477260,5.933906,-73.6195591,0
4536477261,5.9337401,-73.6197365,0
4536477262,5.9330492,-73.6204607,0
4536477263,5.9323168,-73.6214116,0
4536477264,5.9320024,-73.6218578,0
4536477265,5.9319091,-73.6221448,0
4536477266,5.9320451,-73.6223821,0
4536477267,5.932569,-73.6231322,0
4536477268,5.9326757,-73.6233079,0
4536477269,5.9325583,-73.6233897,0
4536477270,5.9312528,-73.6243576,0
4536477271,5.9310273,-73.6243764,0
4536477272,5.9309363,-73.6242909,0
4536477273,5.9308189,-73.6240978,0
4536477274,5.9307228,-73.6239905,0
4536477275,5.9305618,-73.623915,0
4536478576,5.9384142,-73.6251411,0
4536478577,5.9383442,-73.6252713,0
4536478578,5.9383662,-73.6253852,0
4536478579,5.9384096,-73.6255355,0
4536478580,5.9383422,-73.6256709,0
4536478581,5.9382474,-73.6257018,0
4536478582,5.9378099,-73.6258185,0
4536478583,5.9377273,-73.6258064,0
4536478584,5.9376646,-73.6257514,0
4536478585,5.9375646,-73.6255429,0
4536478586,5.9374611,-73.6254,0
4536478587,5.9373817,-73.6257943,0
4536478588,5.9373818,-73.626147,0
4536478889,5.9373898,-73.6265011,0
4536478890,5.9373897,-73.6266741,0
4536478891,5.9374351,-73.6269516,0
4536478892,5.9374364,-73.6272601,0
4536478893,5.9373964,-73.6273219,0
4536478894,5.9337939,-73.6300841,0
4536479994,5.9394043,-73.615737,0
4536479995,5.9392563,-73.6157061,0
4536479996,5.9392596,-73.6153447,0
4536479997,5.9392389,-73.6151784,0
4536486429,5.9338526,-73.6300506,0
4536486430,5.9341697,-73.6297975,0
4536486431,5.9344695,-73.6291721,0
4536486432,5.9352972,-73.6284466,0
4536486433,5.9363426,-73.6280383,0
4536486434,5.9369196,-73.6277043,0
4536493184,5.9372203,-73.6271529,0
4536493185,5.9371043,-73.6270281,0
4536493186,5.9367549,-73.6267573,0
4536493187,5.936376,-73.626595,0
4536493188,5.9360332,-73.6265534,0
4536499489,5.9356716,-73.6264931,0
4536499490,5.935541,-73.6264917,0
4536499491,5.9353009,-73.6266191,0
4536499492,5.9351594,-73.6267156,0
4536499493,5.9350665,-73.6267796,0
4536499494,5.9349317,-73.6268789,0
4536499495,5.9347877,-73.6269861,0
4536499496,5.9346463,-73.6270505,0
4536499497,5.9344635,-73.6270143,0
4536499498,5.9343448,-73.626954,0
4536499499,5.9340977,-73.6268203,0
4536499500,5.9339296,-73.6267639,0
4536499501,5.9337508,-73.626713,0
4536499502,5.9335245,-73.6266321,0
4536499503,5.9333657,-73.6265288,0
4536499504,5.933295,-73.6264524,0
4536508703,5.942577,-73.6171532,0
4562474500,5.9379496,-73.6087143,0
4562474501,5.9381538,-73.6094034,0
4562474502,5.9376999,-73.6076591,0
4562474503,5.9376528,-73.607421,0
4562474504,5.9375567,-73.6069248,0
4562474505,5.937506,-73.6052311,0
4562474506,5.9374838,-73.6064553,0
4562487946,5.9370842,-73.6064848,0
4562487947,5.9368935,-73.6065486,0
4562487948,5.9367157,-73.606643,0
4562487949,5.9365559,-73.6067655,0
4562487950,5.9364182,-73.6069128,0
4562487951,5.9363065,-73.6070808,0
4562487952,5.936287,-73.6071613,0
4562487953,5.9363037,-73.6072806,0
4562487954,5.9364211,-73.607512,0
4562487955,5.9370056,-73.6079979,0
4562491520,5.9518309,-73.6053742,0
4562495598,5.9455041,-73.6008443,0
4562496679,5.948889,-73.6066311,0
4573745824,5.9453168,-73.6009153,0
4573745825,5.94505,-73.6009797,0
4573745826,5.9446125,-73.6011085,0
4573745827,5.9442924,-73.6012265,0
4573745828,5.9440149,-73.601323,0
4573745829,5.9437588,-73.6014089,0
4573745830,5.9434707,-73.6015698,0
4573745831,5.9432039,-73.6018273,0
4573745832,5.9429905,-73.6021062,0
4573745833,5.942681,-73.6024066,0
4573745834,5.9423822,-73.6027285,0
4573745835,5.9420941,-73.6030075,0
4573745836,5.9417953,-73.6032328,0
4573745837,5.9416033,-73.6035332,0
4573745838,5.9413471,-73.6037799,0
4573745839,5.9411017,-73.6039838,0
4573745840,5.9407709,-73.6040696,0
4573745841,5.9403014,-73.6042949,0
4573745842,5.9398852,-73.6044451,0
4573745843,5.9391062,-73.6046919,0
4573745844,5.9384659,-73.604885,0
4573885916,5.9290905,-73.6131335,0
4573885917,5.9292252,-73.612802,0
4573885918,5.9293653,-73.6123252,0
4573885919,5.9298782,-73.6117586,0
4573885920,5.930185,-73.6112579,0
4573885921,5.9305905,-73.6106142,0
4573885922,5.9310707,-73.6098632,0
4573885923,5.9315936,-73.6090693,0
4573885924,5.9318763,-73.6087152,0
4573885925,5.9327781,-73.6081037,0
4573885926,5.9342401,-73.6069128,0
4573885927,5.9361536,-73.6055781,0
4573885928,5.9367245,-73.6054024,0
4589785840,5.9341164,-73.6066569,0
4589785841,5.933999,-73.6063994,0
4589785842,5.9337589,-73.6060722,0
4589785843,5.9336362,-73.605938,0
4589785845,5.9335735,-73.605828,0
4589785846,5.9333788,-73.6054753,0
4589785847,5.9329745,-73.6054874,0
4589785848,5.9327184,-73.6054874,0
4589785849,5.9323983,-73.6054338,0
4589785850,5.9321528,-73.6052836,0
4589831950,5.9276015,-73.6244586,0
4589831951,5.9274244,-73.6244689,0
4589831952,5.9271309,-73.6244649,0
4589831953,5.9268281,-73.6244997,0
4589831954,5.9263688,-73.6245774,0
4589831955,5.9260596,-73.6246237,0
4589831956,5.9257278,-73.6245872,0
4716869793,5.9293006,-73.6190748,0
4883469094,5.9315435,-73.6184819,0
4883486301,5.9298873,-73.6200984,0
4883486705,5.9300732,-73.6203509,0
4883496678,5.9301181,-73.6198496,0
4883500252,5.9300942,-73.6199827,0
4883501413,5.9300916,-73.620175,0
4883512134,5.9298734,-73.6203501,0
4883524675,5.9284181,-73.6187046,0
4883532047,5.9287342,-73.6185074,0
4883532276,5.9286128,-73.6185383,0
4883540457,5.9285047,-73.6185973,0
4883544004,5.928342,-73.6189352,0
4883584267,5.9298547,-73.6176572,0
4883593485,5.92819,-73.6191391,0
4883616240,5.9318836,-73.6182727,0
4883660696,5.9300261,-73.6185222,0
4883663455,5.9291771,-73.6184531,0
4883664204,5.9292037,-73.6183954,0
4883679506,5.9291328,-73.6179289,0
4883685746,5.9298134,-73.6174969,0
4883690597,5.9304283,-73.6169792,0
4883719846,5.928286,-73.6182318,0
4883731151,5.927563,-73.6183364,0
4883737602,5.9290744,-73.6174178,0
4883746334,5.929017,-73.6184089,0
4883755014,5.9296439,-73.6162443,0
4883764393,5.9302989,-73.6196463,0
4883817558,5.9216978,-73.6262284,0
4929667622,5.9305663,-73.6171449,0
4935824860,5.9284689,-73.6257155,0
4935824861,5.9284402,-73.6257121,0
4935824862,5.9282853,-73.6257108,0
4935824863,5.9281973,-73.6256652,0
4935824864,5.9281146,-73.625582,0
4935824865,5.9280399,-73.6254855,0
4935824866,5.9280105,-73.6253594,0
4935824867,5.9280212,-73.6252253,0
4935824868,5.9280212,-73.625118,0
4935824869,5.9279998,-73.625,0
4935824870,5.9279945,-73.6248551,0
4935824871,5.9279945,-73.6247076,0
4935828537,5.9368797,-73.6172578,0
4935828538,5.9368505,-73.6171934,0
4935828539,5.9370185,-73.6171237,0
4935828540,5.9370425,-73.6172068,0
4935831425,5.9390077,-73.6144418,0
4935831426,5.9392016,-73.6156297,0
4935831427,5.9392109,-73.6156712,0
4935833932,5.9381125,-73.6149383,0
4935835503,5.9362708,-73.6154323,0
4935836037,5.9353904,-73.6162518,0
4935836235,5.9356839,-73.6159473,0
4935836929,5.9350557,-73.6165723,0
4935837744,5.9314076,-73.6202559,0
4935837865,5.9308808,-73.6198912,0
4935838455,5.9308114,-73.6199018,0
4935838456,5.9302816,-73.6194666,0
4935845678,5.9284797,-73.6191093,0
4935845679,5.9285064,-73.6189645,0
4935845680,5.9285544,-73.6187874,0
4935845681,5.9286157,-73.6187096,0
4935845682,5.9287011,-73.618656,0
4935845683,5.9288158,-73.618648,0
4935845684,5.9289812,-73.6186989,0
4935845685,5.9290293,-73.6190664,0
4935845686,5.9290293,-73.6192085,0
4935845687,5.9290053,-73.6193936,0
4935845688,5.9289706,-73.619525,0
4935845689,5.9288318,-73.6194178,0
4935847384,5.9288692,-73.6196779,0
4935847385,5.928509,-73.6193668,0
4935847386,5.9278794,-73.6200534,0
4935847387,5.9282449,-73.6203968,0
4935847420,5.9288472,-73.620158,0
4935848043,5.9365514,-73.61155,0
4935848044,5.9364531,-73.611371,0
4935848045,5.9367098,-73.6112284,0
4935848046,5.9368082,-73.6114075,0
4935848321,5.9287758,-73.6200951,0
4935848322,5.9289332,-73.6199193,0
4935848323,5.9290113,-73.6199871,0
4935856996,5.9374179,-73.6123234,0
4935856998,5.9373357,-73.6121129,0
4935856999,5.9373081,-73.6123667,0
4935857004,5.9372259,-73.6121562,0
4935860140,5.9377223,-73.6097141,0
4935860142,5.9375486,-73.6098256,0
4935860143,5.9373674,-73.6099763,0
4935860794,5.9380145,-73.6089882,0
4935860795,5.9375747,-73.6091936,0
4935862582,5.9368452,-73.6080464,0
4935862583,5.9367432,-73.6080042,0
4935862584,5.9366305,-73.6078721,0
4935863822,5.9375396,-73.6077377,0
4935865651,5.9363018,-73.6072241,0
4935865652,5.9365926,-73.6077673,0
4935865653,5.9374557,-73.6073113,0
4935865654,5.9371555,-73.6067695,0
4946442037,5.9359068,-73.6281677,0
4958999233,5.9368006,-73.611766,0
4959610436,5.9313138,-73.6163039,0
4959610437,5.931265,-73.6163113,0
4959610438,5.9306803,-73.6169185,0
4959610439,5.9306361,-73.6168586,0
4959610440,5.931263,-73.6162542,0
4959610441,5.9278469,-73.6187422,0
4959610442,5.9279076,-73.6187778,0
4959610443,5.9277519,-73.6168776,0
4959610444,5.9277379,-73.6169118,0
4959610445,5.9277379,-73.6166449,0
4959610446,5.9278059,-73.6166208,0
4959610447,5.9278993,-73.6165684,0
4959610450,5.9300312,-73.6129608,0
4959610451,5.9313161,-73.613565,0
4959610452,5.9336442,-73.6142618,0
4959610453,5.9282662,-73.6191604,0
4959610454,5.92645,-73.6227476,0
4959610455,5.9260258,-73.6219724,0
4959610456,5.9285127,-73.614747,0
4959610457,5.9301983,-73.6162861,0
4959610458,5.9302494,-73.616359,0
4959610459,5.924547,-73.6177326,0
4959610460,5.9250001,-73.6173283,0
4959610461,5.9255883,-73.6170768,0
4959610462,5.9260049,-73.6167662,0
4959610463,5.9262133,-73.6165247,0
4959610464,5.9262194,-73.6162375,0
4959610465,5.9260692,-73.6159645,0
4959610466,5.9257334,-73.6152028,0
4959610467,5.9259311,-73.6144388,0
4959610468,5.9282385,-73.6117344,0
4959610469,5.9245629,-73.6211087,0
4959610470,5.9246489,-73.6206406,0
4959610471,5.9242018,-73.6188925,0
4959610472,5.9242077,-73.618396,0
4959610473,5.9398374,-73.6130824,0
4959610474,5.9392279,-73.6112666,0
4959610475,5.9395051,-73.6117476,0
4959610476,5.9375463,-73.6151484,0
4959610477,5.9389118,-73.6107179,0
4959610478,5.9394264,-73.6104001,0
4959610479,5.9388604,-73.6094556,0
4959610480,5.9383579,-73.6097565,0
4959610481,5.9352856,-73.6104644,0
4959610482,5.9359142,-73.6107086,0
4959610483,5.9360181,-73.6107984,0
4959610484,5.9355795,-73.6098904,0
4959610485,5.9357094,-73.6093681,0
4959610486,5.9357348,-73.609171,0
4959610488,5.9272845,-73.617215,0
4959610489,5.9273084,-73.6170191,0
4959610490,5.9272178,-73.6167268,0
4959610491,5.9272107,-73.6166286,0
4959610492,5.927246,-73.6164297,0
4959610493,5.9272997,-73.6163338,0
4959610494,5.9268897,-73.6204754,0
4959610495,5.9268104,-73.6206113,0
4959610496,5.9284854,-73.6225517,0
4959662471,5.929116,-73.624139,0
4959662472,5.930397,-73.624013,0
4959662473,5.930423,-73.624089,0
4959662474,5.930445,-73.624364,0
4959662475,5.930218,-73.624868,0
4959662476,5.929867,-73.624954,0
4959662477,5.929583,-73.625087,0
4959662478,5.929506,-73.625207,0
4959662482,5.928563,-73.6224039,0
4959662483,5.928385,-73.622776,0
4959662484,5.928361,-73.622839,0
4959662485,5.928347,-73.622944,0
4959662486,5.928376,-73.623096,0
4959662487,5.928539,-73.623472,0
4959662488,5.928651,-73.623765,0
4992695318,5.9356821,-73.6128197,0
4992697704,5.9353224,-73.6136894,0
4992703357,5.9315579,-73.6151548,0
4992977556,5.9272797,-73.6246171,0
4992977557,5.9272663,-73.6246345,0
4992977558,5.9271816,-73.6248525,0
4992977559,5.9271576,-73.6249611,0
4992977560,5.9271443,-73.6250469,0
4992977563,5.9280954,-73.6209258,0
4992977564,5.9281727,-73.620986,0
4992977565,5.9283115,-73.6210652,0
4992977566,5.9284182,-73.6211242,0
4992977567,5.9285489,-73.6211966,0
4992977568,5.9286503,-73.6212583,0
4992977569,5.928777,-73.6213321,0
4992977570,5.9288666,-73.6213873,0
4992977571,5.9289899,-73.6214929,0
4992978132,5.9203837,-73.5933243,0
5047067321,5.932089,-73.6166274,0
5214503050,5.9262168,-73.6095112,0
5214503051,5.9262728,-73.6094281,0
5214503052,5.9262688,-73.6094026,0
5214503053,5.9262554,-73.6093865,0
5214503054,5.9262314,-73.6093838,0
5214503055,5.9262154,-73.6093932,0
5214503056,5.9261554,-73.6094737,0
5214503057,5.9261554,-73.6094911,0
5214503058,5.9261634,-73.6095085,0
5214503059,5.9261727,-73.6095206,0
5214503060,5.9261967,-73.609522,0
5214515567,5.9256009,-73.6140847,0
5214515571,5.9252568,-73.6149618,0
5214515575,5.9246485,-73.6162573,0
5214515576,5.9245551,-73.6163887,0
5214515578,5.924379,-73.6165684,0
5214515579,5.9243277,-73.6166375,0
5214515580,5.924299,-73.616787,0
5214515581,5.9243017,-73.6169305,0
5214515582,5.9242496,-73.6170861,0
5214515583,5.9241202,-73.6172417,0
5214515584,5.9239642,-73.6173403,0
5214515585,5.9238021,-73.6173175,0
5214515586,5.923706,-73.6172122,0
5214515587,5.9235974,-73.6170352,0
5214515588,5.9234866,-73.6168809,0
5214515589,5.9229432,-73.6160256,0
5214515590,5.9228076,-73.6159328,0
5214515591,5.9226342,-73.6158577,0
5214515595,5.9220553,-73.6156887,0
5214515597,5.9217031,-73.6157155,0
5214515600,5.9213776,-73.6156833,0
5214515603,5.9210148,-73.615796,0
5214515604,5.9208314,-73.6160186,0
5214515607,5.9208034,-73.616199,0
5214515608,5.9207187,-73.6162788,0
5214515609,5.9205373,-73.6162841,0
5214515610,5.9202811,-73.6163083,0
5214515612,5.9198116,-73.6162841,0
5214515615,5.9191686,-73.6161393,0
5214515618,5.918619,-73.6161098,0
5214515620,5.9183816,-73.6161286,0
5214516022,5.9180737,-73.6162403,0
5214520970,5.926839,-73.6071073,0
5214520971,5.9267737,-73.607063,0
5214520972,5.9266736,-73.6072226,0
5214520973,5.9267176,-73.6072508,0
5214520974,5.926731,-73.607232,0
5214520975,5.9267577,-73.6072387,0
5214521006,5.9289663,-73.6087555,0
5214521007,5.928973,-73.6087253,0
5214521008,5.9289897,-73.6086911,0
5214521009,5.9290117,-73.6086697,0
5214521010,5.9290337,-73.6086683,0
5214521011,5.9290404,-73.6086831,0
5214521012,5.9290397,-73.6086979,0
5214521013,5.9290244,-73.6087126,0
5214521014,5.9290337,-73.60872,0
5214521015,5.9290404,-73.6087307,0
5214521016,5.9290377,-73.6087434,0
5214521017,5.929027,-73.6087461,0
5214521018,5.9290184,-73.6087394,0
5214521019,5.9290097,-73.6087475,0
5214521020,5.929007,-73.6087589,0
5214526850,5.9297163,-73.6081185,0
5214526851,5.9298177,-73.6080635,0
5214526852,5.929827,-73.6080286,0
5214526853,5.929827,-73.6079965,0
5214526854,5.9298084,-73.6079763,0
5214526855,5.9297724,-73.6079723,0
5214526856,5.9297523,-73.6079737,0
5214526857,5.9297523,-73.6079965,0
5214526858,5.9297443,-73.608026,0
5214526859,5.9297203,-73.608034,0
5214526860,5.9296963,-73.6080421,0
5214526861,5.9296736,-73.6080595,0
5214526862,5.929671,-73.608085,0
5214526863,5.9296803,-73.6081118,0
5214526864,5.929695,-73.6081212,0
5214527321,5.9289983,-73.6087703,0
5214527322,5.9289863,-73.608775,0
5214527323,5.928977,-73.6087723,0
5214527324,5.9289697,-73.6087683,0
5353253073,5.938125,-73.6183682,0
5353257193,5.9355453,-73.6164303,0
5353257194,5.9355292,-73.6164853,0
5353257195,5.9355533,-73.6165148,0
5353257196,5.9355426,-73.6165711,0
5353257197,5.9355426,-73.6166248,0
5353257198,5.9355799,-73.6166677,0
5353257199,5.9356386,-73.6167374,0
5353257200,5.9357,-73.6167643,0
5353257201,5.9357667,-73.6167884,0
5353257202,5.9358227,-73.6167991,0
5353257203,5.9358627,-73.616826,0
5353257204,5.9359054,-73.6168876,0
5353257205,5.9359481,-73.6169386,0
5353257206,5.9359828,-73.6169842,0
5353257207,5.9360401,-73.6169775,0
5353257208,5.9360681,-73.617007,0
5353257209,5.9361135,-73.6170405,0
5353257210,5.9361375,-73.61707,0
5353257211,5.9361415,-73.617117,0
5353257212,5.9361362,-73.6171626,0
5353257213,5.9361388,-73.6172028,0
5353257214,5.9361855,-73.6172229,0
5353257215,5.9362149,-73.6172538,0
5353257216,5.9362576,-73.6172886,0
5353257217,5.9362909,-73.6173275,0
5353257218,5.9363777,-73.6173919,0
5353260732,5.9374328,-73.6166811,0
5353260733,5.9376168,-73.6171344,0
5353260734,5.9388294,-73.6166623,0
5353260746,5.937021,-73.6173979,0
5353260755,5.9378489,-73.6177299,0
5353261363,5.9382213,-73.6168857,0
5353261364,5.9384518,-73.6174911,0
5353261365,5.937222,-73.6179444,0
5353261375,5.9390628,-73.6172363,0
5353261952,5.9374888,-73.6185989,0
5353262062,5.9376115,-73.6187156,0
5353262063,5.9380624,-73.619134,0
5353263025,5.9386125,-73.6179015,0
5353263129,5.9385531,-73.6181831,0
5353263399,5.9384493,-73.6187176,0
5353266229,5.9557216,-73.6473184,0
5384864660,5.8803578,-73.5725976,0
5384864661,5.8802454,-73.5723918,0
5384864662,5.8797314,-73.5718697,0
5384864663,5.8795386,-73.5716234,0
5384864664,5.8794888,-73.5714005,0
5384864665,5.8789438,-73.5755073,0
5384864666,5.8792791,-73.5755302,0
5384864667,5.8819057,-73.5769581,0
5384864668,5.8821113,-73.5771066,0
5384864669,5.8826269,-73.5770254,0
5384864670,5.8830753,-73.577128,0
5384864671,5.8833806,-73.577049,0
5384864672,5.8835754,-73.5766344,0
5384864673,5.8843805,-73.5751966,0
5384864674,5.8848009,-73.5751477,0
5384864675,5.8851442,-73.5752106,0
5384864676,5.8853596,-73.5752732,0
5384864677,5.8854398,-73.575494,0
5384864678,5.8847991,-73.5765211,0
5384864679,5.8847512,-73.576216,0
5384864680,5.8848121,-73.5759491,0
5384864681,5.8850069,-73.5758262,0
5384864682,5.8852817,-73.5756097,0
5384864684,5.8881681,-73.5766537,0
5384864685,5.8889345,-73.5771004,0
5384864686,5.8890583,-73.5773071,0
5384864687,5.8893067,-73.5777961,0
5384864688,5.8894737,-73.5781485,0
5384864689,5.8800331,-73.5698753,0
5384864690,5.8800719,-73.5696693,0
5384864691,5.8797915,-73.5691968,0
5384864692,5.8795029,-73.5691967,0
5384864693,5.8766657,-73.569412,0
5384864694,5.8703726,-73.5710658,0
5384864695,5.8692381,-73.5714975,0
5384864696,5.8633396,-73.5718523,0
5451232660,5.9262062,-73.6115134,0
5451232661,5.9274257,-73.6153293,0
5451232662,5.925528,-73.6132171,0
5451232663,5.9260813,-73.6150729,0
5451232664,5.9257797,-73.6138541,0
5451232665,5.9262519,-73.6113546,0
5451232666,5.9255471,-73.6131162,0
5451232667,5.9261635,-73.6116265,0
5451232668,5.925627,-73.6136737,0
5451232669,5.926269,-73.6112104,0
5451232670,5.9257161,-73.6126976,0
5451232671,5.925841,-73.6140043,0
5451232672,5.9255811,-73.6135973,0
5451232673,5.9264076,-73.6144969,0
5451232674,5.9262764,-73.614442,0
5451232675,5.9256919,-73.6137543,0
5451232676,5.9262335,-73.6114258,0
5451232677,5.9262646,-73.6112855,0
5451232678,5.9255946,-73.612982,0
5451232679,5.9255263,-73.6134094,0
5451232680,5.9263151,-73.6144084,0
5451232681,5.9258729,-73.6139552,0
5451232682,5.9255467,-73.6135021,0
5451232683,5.9262117,-73.6149077,0
5451232685,5.9256983,-73.6139412,0
5451232687,5.9264826,-73.6145614,0
5451232688,5.9255212,-73.6133133,0
5451269407,5.9275072,-73.6261938,0
5451269411,5.9265867,-73.6271471,0
5451269418,5.926616,-73.6271162,0
5451269419,5.9276058,-73.6268105,0
5451269420,5.9275387,-73.6267332,0
5451269921,5.9267397,-73.626033,0
5451269924,5.9266107,-73.6259012,0
5451269925,5.9268695,-73.626148,0
5451269926,5.9276319,-73.6260566,0
5451269928,5.9277839,-73.6259227,0
5451269929,5.9274309,-73.6266365,0
5451269932,5.9267321,-73.6270197,0
5451269933,5.9272545,-73.6264715,0
5451269934,5.9270855,-73.6266505,0
5451269935,5.9271897,-73.626539,0
5451269937,5.9273724,-73.6263398,0
5451269938,5.9270014,-73.6262577,0
5451269941,5.9268469,-73.6268881,0
5451269943,5.9269666,-73.6267621,0
5451269945,5.9266721,-73.6270693,0
5454892960,5.9295807,-73.6213065,0
5454892961,5.9282342,-73.6242242,0
5454892962,5.9294896,-73.6214158,0
5454892963,5.9299832,-73.6198883,0
5454892965,5.9289228,-73.6218582,0
5454892966,5.9281971,-73.6236535,0
5454892968,5.9278849,-73.6245854,0
5454892969,5.9281732,-73.622709,0
5454892970,5.9280278,-73.6230442,0
5454892971,5.9293907,-73.621518,0
5454892972,5.9299375,-73.6205375,0
5454892973,5.9285201,-73.6221857,0
5454892974,5.9292845,-73.6216124,0
5454892976,5.9280421,-73.6229712,0
5454892977,5.9296635,-73.6211907,0
5454892978,5.9273085,-73.6250742,0
5454892980,5.9271683,-73.6251928,0
5454892981,5.9281971,-73.6242873,0
5454892982,5.9299622,-73.6203971,0
5454892984,5.928748,-73.6219867,0
5454892985,5.9281491,-73.6243499,0
5454892986,5.9282913,-73.6240366,0
5454892987,5.9298572,-73.6208108,0
5454892989,5.9299024,-73.6206757,0
5454892990,5.9266649,-73.6256402,0
5454892991,5.9297374,-73.621069,0
5454892992,5.9282686,-73.6238707,0
5454892994,5.9280366,-73.6232327,0
5454892995,5.9298021,-73.6209422,0
5454892996,5.9291715,-73.6216986,0
5454892997,5.9279508,-73.6245296,0
5454892998,5.9279812,-73.6246288,0
5454892999,5.9299781,-73.6202276,0
5454893000,5.9280919,-73.6244102,0
5454893001,5.9271523,-73.625126,0
5454893002,5.9286086,-73.622094,0
5454893003,5.9283525,-73.6224159,0
5454893004,5.9282672,-73.6241582,0
5454893005,5.92829,-73.6239665,0
5454893006,5.9299828,-73.620058,0
5454893008,5.9257743,-73.6263706,0
5454893009,5.9280907,-73.6233872,0
5454893011,5.9284351,-73.62229,0
5454893012,5.9280224,-73.6231426,0
5454893013,5.9282828,-73.6241025,0
5454926575,5.9300388,-73.6195425,0
5454926576,5.9301024,-73.6196183,0
5454926578,5.9299505,-73.6196498,0
5454926579,5.9300285,-73.6196993,0
5454926580,5.9300567,-73.6196921,0
5454926581,5.9300241,-73.619611,0
5454926582,5.9299454,-73.6196104,0
5454926584,5.929958,-73.6195764,0
5454926585,5.9299996,-73.6196957,0
5454926586,5.929974,-73.6196818,0
5454926587,5.9300188,-73.6195412,0
5454926588,5.9302072,-73.619539,0
5454926590,5.9299843,-73.6195516,0
5454926591,5.930091,-73.6196612,0
5454926592,5.930089,-73.619576,0
5454926593,5.9300551,-73.6195476,0
5454941176,5.9287606,-73.6220943,0
5454941177,5.9286599,-73.6222328,0
5454941178,5.9290176,-73.6217966,0
5454941179,5.9290879,-73.6215957,0
5454941180,5.9290957,-73.6217495,0
5454941181,5.928866,-73.6219599,0
5515377066,5.9347941,-73.6151725,0
5912089416,5.9309242,-73.6159312,0
5912092196,5.9309802,-73.6159996,0
5912095783,5.9315551,-73.6148932,0
5912101555,5.9310786,-73.6161386,0
5912107240,5.9343204,-73.615557,0
5912205741,5.9353151,-73.6111945,0
5912214309,5.9304394,-73.6241636,0
5912214310,5.9304865,-73.6241578,0
5912214311,5.9305625,-73.6241832,0
5912214312,5.9306038,-73.6242369,0
5912214313,5.9306332,-73.6243086,0
5912214314,5.9306445,-73.6244059,0
5912214315,5.9306365,-73.6245158,0
5912214316,5.9306498,-73.6246017,0
5912214317,5.9306659,-73.6246499,0
5912214318,5.9307032,-73.6246955,0
5912214319,5.9307366,-73.6247304,0
5912214320,5.9308086,-73.6247988,0
5912214321,5.93089,-73.6249034,0
5912214322,5.9309567,-73.6249463,0
5912214323,5.931022,-73.6250013,0
5912214324,5.9310834,-73.6250214,0
5912214325,5.9311567,-73.6250389,0
5912214326,5.9312261,-73.6250375,0
5912214327,5.9312928,-73.6250295,0
5912214328,5.9313915,-73.6250348,0
5912214329,5.931474,-73.625102,0
5912214330,5.9315327,-73.6251825,0
5912214331,5.9315941,-73.625271,0
5912214332,5.9316421,-73.6253488,0
5912214333,5.9316955,-73.6254078,0
5912214334,5.9317675,-73.6254507,0
5912214335,5.9318715,-73.625499,0
5912214336,5.9319783,-73.6255392,0
5912214337,5.932069,-73.6256036,0
5912214338,5.932109,-73.6256814,0
5912214339,5.9321543,-73.6257645,0
5912214340,5.9322357,-73.6259268,0
5912214341,5.9323016,-73.6260249,0
5912214342,5.9323536,-73.6260863,0
5912214343,5.9324158,-73.6261534,0
5912214344,5.9324691,-73.6262125,0
5912214345,5.9325545,-73.6262768,0
5912214346,5.9326319,-73.62636,0
5912214347,5.9326852,-73.6263814,0
5912214348,5.9327679,-73.6263734,0
5912214349,5.932896,-73.6263171,0
5912214350,5.933016,-73.6262929,0
5912214351,5.9331495,-73.626317,0
5912214352,5.9332497,-73.6263987,0
5945990985,5.928016,-73.6232768,0
6088373601,5.9298801,-73.619824,0
6088381347,5.9298854,-73.6197425,0
6088386183,5.9307965,-73.6191205,0
6088387501,5.9307735,-73.6191544,0
6088393887,5.930841,-73.6190774,0
6088398349,5.9309913,-73.6189632,0
6088414568,5.9310868,-73.6189173,0
6088417224,5.9311427,-73.6188665,0
6088606275,5.9312718,-73.6187147,0
6088609180,5.9313423,-73.6186346,0
6088610394,5.9314434,-73.6185585,0
6088611992,5.9316226,-73.6183762,0
6088615630,5.9317263,-73.6182821,0
6088618305,5.9317823,-73.6182057,0
6088627768,5.9318778,-73.6181346,0
6088629214,5.9319538,-73.6180287,0
6088638214,5.9320751,-73.6179482,0
6088641192,5.9321382,-73.6178946,0
6088644911,5.932263,-73.6177514,0
6088644912,5.9322078,-73.6178269,0
6088648885,5.9325064,-73.6175563,0
6088650070,5.9325485,-73.6175101,0
6088651445,5.9325934,-73.6174669,0
6088663238,5.9326532,-73.6174437,0
6088664017,5.9326798,-73.6173981,0
6088667404,5.9327065,-73.6173525,0
6088677449,5.9327432,-73.6172966,0
6088685656,5.9329314,-73.6171415,0
6088689468,5.9330323,-73.6170535,0
6088695008,5.9330798,-73.6170037,0
6088695543,5.9331395,-73.6169529,0
6088696385,5.9332,-73.6168949,0
6088698677,5.9332515,-73.6168258,0
6088702937,5.9335679,-73.6164072,0
6088702938,5.9336459,-73.6164936,0
6088702939,5.9340307,-73.6161605,0
6088702940,5.9343556,-73.6158348,0
6088702941,5.9347011,-73.6155118,0
6088705265,5.933922,-73.6162844,0
6088708655,5.9345807,-73.6156991,0
6088709682,5.9347394,-73.6155436,0
6088710772,5.9346527,-73.6156428,0
6088715682,5.9348485,-73.6154435,0
6088719539,5.934974,-73.6152812,0
6088736717,5.9351158,-73.6151561,0
6088741234,5.9351798,-73.615081,0
6088744964,5.9353457,-73.6149216,0
6088745305,5.935399,-73.6148653,0
6088745439,5.9354537,-73.6148036,0
6088748450,5.9354871,-73.6147754,0
6088749327,5.9355298,-73.6147392,0
6088749518,5.9357656,-73.6145314,0
6088754128,5.9364611,-73.6141338,0
6088756039,5.9364424,-73.6141606,0
6088756166,5.9363664,-73.6141834,0
6088764045,5.9365532,-73.6140884,0
6088764070,5.936811,-73.6139905,0
6088767337,5.9370711,-73.6139211,0
6088769707,5.9390756,-73.6135204,0
6088770879,5.93943,-73.6135173,0
6088773304,5.9397003,-73.6130888,0
6088773305,5.9396928,-73.6131778,0
6088773307,5.939683,-73.6126129,0
6088773308,5.9395363,-73.6125699,0
6088773309,5.9395216,-73.613105,0
6088773310,5.9396897,-73.6130836,0
6088782770,5.9398284,-73.6128368,0
6088782771,5.9398324,-73.6126692,0
6088782772,5.9396977,-73.6126169,0
6088782773,5.9397017,-73.6128408,0
6088787864,5.9390172,-73.612532,0
6088795880,5.9364836,-73.6120512,0
6088800526,5.9363584,-73.6121123,0
6088802582,5.9357853,-73.6124954,0
6088813052,5.9356079,-73.6126455,0
6088818014,5.9353376,-73.6127418,0
6088827329,5.935218,-73.6128423,0
6088833490,5.9332092,-73.6142097,0
6088837028,5.9330354,-73.61437,0
6088838518,5.9331357,-73.6140269,0
6088841782,5.9333757,-73.6138256,0
6088841783,5.9336258,-73.6136529,0
6088844527,5.9337487,-73.613577,0
6181436947,5.930399,-73.6040534,0
6181436948,5.9300824,-73.6037247,0
6181436949,5.9301747,-73.6033317,0
6181436950,5.930342,-73.6030298,0
6181436951,5.9305589,-73.6027996,0
6181436952,5.9309955,-73.6017487,0
6181436953,5.9310538,-73.6008376,0
6181436954,5.9311269,-73.5996465,0
6181436955,5.9314439,-73.5990591,0
6181436956,5.9314118,-73.5984266,0
6181436957,5.9315875,-73.5975318,0
6181436958,5.9317271,-73.5970562,0
6181436959,5.9317347,-73.5961397,0
6181436960,5.9318969,-73.5956156,0
6181436961,5.9331256,-73.5946687,0
6181436962,5.9339599,-73.5943723,0
6181436963,5.9341886,-73.5932551,0
6181436964,5.9340319,-73.5929351,0
6181436965,5.9340048,-73.5924396,0
6181436966,5.9345305,-73.5917776,0
6181436967,5.9347003,-73.5914294,0
6181436968,5.9348215,-73.591299,0
6181436969,5.9348192,-73.5900957,0
6181436970,5.9343325,-73.5902731,0
6181436971,5.9342038,-73.5901139,0
6181436972,5.9343439,-73.5893074,0
6181436973,5.9344687,-73.5891185,0
6181436974,5.9347255,-73.5892001,0
6181436975,5.9347929,-73.5891026,0
6181436976,5.9346374,-73.5887296,0
6181436977,5.9349593,-73.5875182,0
6181436978,5.9346725,-73.5868439,0
6181436979,5.9344153,-73.586431,0
6181436980,5.934292,-73.5861355,0
6181436981,5.9339923,-73.5856876,0
6181436982,5.9335351,-73.5852509,0
6181436983,5.9334444,-73.5849908,0
6181436984,5.9333644,-73.5846743,0
6181437085,5.9333831,-73.5843444,0
6181437086,5.9331696,-73.583875,0
6181437087,5.933224,-73.5833784,0
6181437088,5.9329989,-73.5827109,0
6181437089,5.9327481,-73.5826063,0
6181437090,5.9324627,-73.5822254,0
6181443139,5.9576172,-73.5933888,0
6181443140,5.9344035,-73.6074255,0
6181443141,5.9346382,-73.6077782,0
6181443142,5.9349824,-73.6084548,0
6181443143,5.9356573,-73.6091159,0
6181443144,5.9326909,-73.6069581,0
6186719785,5.9342619,-73.6150089,0
6255929446,5.9029722,-73.6363615,0
6255958097,5.9487051,-73.6216892,0
6278571494,5.8839941,-73.6420434,0
6278571498,5.8830836,-73.6421286,0
6278571502,5.8824285,-73.6426576,0
6363630091,5.9295247,-73.6198353,0
6363630092,5.9292573,-73.6196606,0
6363630093,5.9293979,-73.619301,0
6363630094,5.9296473,-73.6193087,0
6363641048,5.9274184,-73.6159194,0
6363641049,5.927343,-73.6155231,0
6363641050,5.9278966,-73.614412,0
6363641051,5.9280033,-73.6139882,0
6363651096,5.932136,-73.6137357,0
6363651097,5.9325521,-73.6133548,0
6363651098,5.9321786,-73.6129525,0
6363651099,5.9317789,-73.6133509,0
6365449587,5.930719,-73.6192411,0
6366129942,5.9340517,-73.6127525,0
6366143585,5.9347114,-73.6078962,0
6366143586,5.9347983,-73.6078446,0
6366143587,5.9349184,-73.6077949,0
6366143588,5.9350905,-73.6076622,0
6366143589,5.9351532,-73.6075898,0
6366143590,5.9352999,-73.6074577,0
6366143591,5.9353906,-73.6073738,0
6366143592,5.9355413,-73.6072585,0
6366143593,5.9356701,-73.607172,0
6366143594,5.9357621,-73.6070982,0
6366143595,5.9358428,-73.6070037,0
6366143596,5.9359408,-73.6068495,0
6366143597,5.9359402,-73.6067643,0
6366143598,5.9359342,-73.6067013,0
6366143599,5.9359428,-73.6066054,0
6366143600,5.9359989,-73.606541,0
6366143601,5.9361869,-73.606427,0
6366143602,5.9362303,-73.6063854,0
6366143603,5.93625,-73.6062879,0
6366143604,5.9362683,-73.6061739,0
6366143605,5.9363043,-73.6060193,0
6366143606,5.9363205,-73.6059385,0
6366143607,5.9348378,-73.6100748,0
6366143608,5.9346471,-73.6097006,0
6366143609,5.9349138,-73.6095625,0
6366143610,5.9348525,-73.6094056,0
6366143611,5.9349859,-73.6093064,0
6366143612,5.9346924,-73.6088303,0
6366143613,5.9349659,-73.6086077,0
6366143614,5.9352126,-73.6089349,0
6366143615,5.9355835,-73.6091602,0
6366143616,5.9351219,-73.6099112,0
6366152531,5.9309502,-73.61679,0
6371296784,5.9260351,-73.6218338,0
6371298746,5.9328089,-73.6109097,0
6371298747,5.9345287,-73.6143341,0
6371298748,5.9346447,-73.6142121,0
6371298749,5.9347469,-73.614106,0
6371298750,5.9348265,-73.6140253,0
6371298751,5.9348909,-73.6140899,0
6371298752,5.9349892,-73.6141887,0
6371298753,5.9350768,-73.6142714,0
6371298754,5.9347906,-73.6139353,0
6371298755,5.9347417,-73.6137658,0
6371298756,5.9346601,-73.6135749,0
6371298757,5.9345683,-73.613426,0
6371298758,5.9344397,-73.6132184,0
6371298765,5.9336494,-73.6096803,0
6371298777,5.9341822,-73.6089836,0
6371298780,5.9340942,-73.6087824,0
6371298781,5.9340709,-73.6086711,0
6371298782,5.9340862,-73.6085826,0
6371298783,5.9341369,-73.6084901,0
6371299185,5.9342516,-73.6083184,0
6371299186,5.9344037,-73.6081883,0
6371299191,5.9305048,-73.6119227,0
6371299192,5.9301613,-73.6114641,0
6371299193,5.9301116,-73.6113898,0
6371299194,5.9301814,-73.6123304,0
6371299195,5.9298425,-73.6118994,0
6371299196,5.9298055,-73.6118511,0
6371299197,5.9300971,-73.6122266,0
6371299198,5.9303097,-73.6120781,0
6371299199,5.93012,-73.6118438,0
6371299200,5.9303288,-73.6116863,0
6371299201,5.9307274,-73.6117579,0
6371299202,5.930963,-73.611752,0
6371299203,5.9302683,-73.6111269,0
6371299204,5.9390321,-73.6119446,0
6371299205,5.9387147,-73.6118511,0
6371299206,5.9388582,-73.6112716,0
6371299207,5.9380499,-73.6110382,0
6371299209,5.9384127,-73.6116752,0
6371299210,5.9385407,-73.6111951,0
6371299211,5.9390213,-73.6109081,0
6371299212,5.9379955,-73.6106983,0
6371299213,5.9378456,-73.6105904,0
6371299214,5.9378186,-73.6104273,0
6371299215,5.9378338,-73.6103799,0
6371299216,5.9380824,-73.610248,0
6371299217,5.9387334,-73.6104083,0
6371299218,5.9392441,-73.6101041,0
6371299219,5.9389657,-73.6102772,0
6371299220,5.9385798,-73.6096228,0
6371299231,5.9397298,-73.6108647,0
6371299236,5.9391828,-73.6111884,0
6371299239,5.9367386,-73.6087385,0
6371299240,5.9346825,-73.6095301,0
6371299241,5.9345378,-73.6076388,0
6371299242,5.9345769,-73.6075737,0
6371299243,5.934677,-73.6074838,0
6371299244,5.9348023,-73.6074208,0
6371299245,5.9349237,-73.6073644,0
6371299246,5.9350811,-73.607288,0
6371299247,5.9351959,-73.6072142,0
6371299248,5.9352572,-73.6071526,0
6371299249,5.9353846,-73.6070279,0
6371299250,5.935432,-73.6069943,0
6371299251,5.9355293,-73.6069098,0
6371299252,5.9356327,-73.6068133,0
6371299264,5.9291621,-73.6140249,0
6371300133,5.9265196,-73.6210299,0
6371300134,5.9264869,-73.621028,0
6371300139,5.9263191,-73.6212604,0
6371300143,5.9261967,-73.6213733,0
6371300144,5.9261431,-73.6213975,0
6371300146,5.9258638,-73.6217345,0
6371300147,5.9258274,-73.621828,0
6371300148,5.9257558,-73.6220028,0
6371300149,5.9257183,-73.6221858,0
6371300150,5.9256819,-73.6224297,0
6371300151,5.925679,-73.6226814,0
6371300152,5.9256952,-73.6227851,0
6371300153,5.9257248,-73.6228892,0
6371300154,5.9257531,-73.6229764,0
6371300155,5.9257881,-73.6230719,0
6371300156,5.9258143,-73.6231469,0
6371300157,5.9258453,-73.6232458,0
6371300158,5.9258649,-73.6233293,0
6371300159,5.9258784,-73.6234254,0
6371300160,5.9258853,-73.6235513,0
6371300161,5.9258827,-73.6236444,0
6371300162,5.9258585,-73.6237588,0
6371300163,5.9258255,-73.6238502,0
6371300164,5.9257542,-73.6239485,0
6371300165,5.9256005,-73.6241199,0
6371300166,5.9254676,-73.6242541,0
6371300171,5.9252856,-73.6244665,0
6371300172,5.9248574,-73.6249541,0
6371300174,5.9244944,-73.6253342,0
6371300175,5.9240095,-73.6255525,0
6371300176,5.9232799,-73.6257792,0
6371300181,5.9218805,-73.6261654,0
6371300186,5.9206707,-73.6265261,0
6371300187,5.9205519,-73.6265597,0
6371300188,5.9203225,-73.6266281,0
6371300189,5.9200637,-73.6267085,0
6371300190,5.9197862,-73.626789,0
6371300194,5.918531,-73.627127,0
6371300195,5.9180588,-73.6274783,0
6371300196,5.91782,-73.6277224,0
6371300197,5.9175212,-73.6283889,0
6371300198,5.9172618,-73.6290146,0
6371300199,5.9171194,-73.6294154,0
6371300200,5.9170069,-73.6296948,0
6371300201,5.9169889,-73.6297609,0
6371300202,5.9169663,-73.6298454,0
6371302285,5.9260457,-73.6217679,0
6371302286,5.9261498,-73.6215613,0
6371302287,5.9261884,-73.6214877,0
6371302295,5.9259171,-73.620797,0
6371302296,5.9257612,-73.6206639,0
6371302297,5.9255874,-73.620489,0
6371302298,5.925451,-73.6203398,0
6371302299,5.924452,-73.6190334,0
6371302851,5.9262837,-73.6204879,0
6371302852,5.9261458,-73.6203258,0
6371302855,5.9247116,-73.6186032,0
6371304297,5.9242896,-73.6237729,0
6371304487,5.9250562,-73.6247277,0
6371304488,5.9241719,-73.6240796,0
6371304489,5.9241436,-73.6240572,0
6371304492,5.924407,-73.6234832,0
6371304493,5.9246538,-73.6236857,0
6371304494,5.9248982,-73.6238704,0
6371304495,5.9251362,-73.6240339,0
6371304496,5.9253266,-73.6241543,0
6371307617,5.9244079,-73.6245657,0
6371307618,5.9245821,-73.6247114,0
6371307619,5.9248196,-73.6245558,0
6371308138,5.9275714,-73.6255325,0
6371308139,5.9274215,-73.625398,0
6371308140,5.9271202,-73.6252404,0
6371309928,5.9266764,-73.6207195,0
6371309929,5.9269708,-73.6199266,0
6371309930,5.9266136,-73.6197926,0
6371309931,5.9263193,-73.6205855,0
6388406109,5.9310664,-73.6171017,0
6388406110,5.930833,-73.6168281,0
6388406111,5.931011,-73.6166619,0
6388406112,5.9312412,-73.616918,0
6398406560,5.9453833,-73.6122331,0
6424418550,5.9230744,-73.5977233,0
6424418551,5.9239537,-73.5982076,0
6424418552,5.9252408,-73.6007595,0
6424418553,5.9254435,-73.6013281,0
6424418554,5.9259289,-73.6024527,0
6424418555,5.9259449,-73.6029949,0
6424418556,5.926145,-73.6037237,0
6424418557,5.9265107,-73.6043644,0
6424418558,5.9268041,-73.6049169,0
6424418559,5.927262,-73.6048663,0
6424418560,5.9285916,-73.605448,0
6434849960,5.9583268,-73.5931903,0
6434849961,5.9558725,-73.5943061,0
6434849962,5.9563047,-73.5939628,0
6434849963,5.9552216,-73.5957706,0
6434849964,5.9554243,-73.5951376,0
6434849965,5.954752,-73.596189,0
6434849966,5.9541278,-73.5962695,0
6434849967,5.9488937,-73.5984635,0
6434849968,5.9492245,-73.5982865,0
6434849969,5.9496406,-73.5977608,0
6434849970,5.9509852,-73.5966826,0
6434849971,5.9463006,-73.5999602,0
6434849972,5.9467701,-73.5998958,0
6434849973,5.9469515,-73.5997725,0
6434849974,5.9474851,-73.599456,0
6434849975,5.9478852,-73.599177,0
6434849976,5.9454042,-73.600046,0
6434849977,5.9449133,-73.6004162,0
6434849978,5.9444705,-73.6005074,0
6434849979,5.9426511,-73.6011779,0
6434849980,5.9420641,-73.6016983,0
6434849981,5.9412958,-73.6023098,0
6434849982,5.9396631,-73.6028999,0
6434849983,5.93858,-73.6028248,0
6434849984,5.9364564,-73.6037421,0
6434862585,5.9343275,-73.6049867,0
6434862586,5.9349838,-73.6046568,0
6434862587,5.933191,-73.60544,0
6434862588,5.9336578,-73.6054882,0
6434862589,5.9290398,-73.6099756,0
6434862590,5.9284475,-73.6114132,0
6434862591,5.928789,-73.6107481,0
6434862592,5.9293866,-73.6093319,0
6434862593,5.9303204,-73.6079156,0
6434862594,5.932396,-73.6071646,0
6434862595,5.9316916,-73.6073631,0
6441532557,5.9297873,-73.6197242,0
6441532558,5.9298082,-73.6196565,0
6441532559,5.9298406,-73.6195184,0
6441532560,5.9294865,-73.6192649,0
6441532561,5.9293214,-73.619371,0
6441532562,5.9292517,-73.6194823,0
6441532563,5.9292787,-73.6194323,0
6441532564,5.9292419,-73.6195713,0
6441532565,5.9293197,-73.6197553,0
6441532566,5.9293676,-73.6198011,0
6441532567,5.92946,-73.6198351,0
6498662608,5.9245488,-73.62436,0
6498662609,5.9247457,-73.6241098,0
6516397529,5.9222177,-73.587488,0
6516397531,5.9222764,-73.5877595,0
6516397532,5.9223204,-73.5879051,0
6516397533,5.9223751,-73.5879856,0
6516397535,5.9225858,-73.5881841,0
6516397536,5.9226605,-73.5883456,0
6516397540,5.9225356,-73.5886698,0
6516397543,5.9226059,-73.5891523,0
6516397546,5.9225218,-73.5895882,0
6516397548,5.9224965,-73.5899731,0
6516397550,5.9225458,-73.5904545,0
6516397554,5.922862,-73.5909642,0
6516397557,5.9232895,-73.591402,0
6516397558,5.9233742,-73.5915636,0
6516397560,5.9233569,-73.59186,0
6516397563,5.9233996,-73.5923025,0
6516397565,5.9235703,-73.5925896,0
6516397566,5.923661,-73.5927653,0
6516397568,5.9237037,-73.5931273,0
6516397571,5.9238664,-73.5935605,0
6516397573,5.9241412,-73.5938757,0
6516397575,5.924312,-73.594172,0
6516397577,5.9246962,-73.5947943,0
6516397582,5.9253258,-73.5956352,0
6516397586,5.9254258,-73.5961904,0
6516397588,5.9254565,-73.5965605,0
6516397590,5.9254258,-73.597046,0
6516397595,5.9255579,-73.5978493,0
6516397599,5.9260381,-73.5987626,0
6516397601,5.9262129,-73.5992575,0
6516397603,5.9263449,-73.5995928,0
6516397605,5.9265063,-73.5998798,0
6516397607,5.9267464,-73.6003157,0
6516397610,5.9272861,-73.6008407,0
6516397614,5.9277389,-73.6016957,0
6516397617,5.9282618,-73.6023582,0
6516397618,5.9284499,-73.6025352,0
6516397621,5.9290521,-73.6029362,0
6516397623,5.9293276,-73.6031775,0
6516397625,5.9295517,-73.6034753,0
6516397627,5.9295797,-73.6037971,0
6516397629,5.9296424,-73.6040238,0
6516397630,5.9297384,-73.604107,0
6516397631,5.9298878,-73.6041633,0
6516397632,5.9300266,-73.6041552,0
6764313740,5.9531717,-73.6429494,0
6824072495,5.9317214,-73.6170698,0
6824072496,5.9316624,-73.6171673,0
6824072497,5.9317529,-73.6170711,0
6824072498,5.931703,-73.6170987,0
6824072499,5.9315553,-73.6169819,0
6824072500,5.9316867,-73.6171246,0
6824072501,5.931634,-73.617208,0
6824072502,5.9313899,-73.6175071,0
6824072503,5.9308257,-73.6170403,0
6824072504,5.9304287,-73.6174656,0
6824072505,5.9304222,-73.6174297,0
6824072506,5.9305795,-73.6179945,0
6824072507,5.9306555,-73.6179368,0
6824072508,5.9307289,-73.6178845,0
6824072509,5.9308049,-73.6178282,0
6824072510,5.9308876,-73.6177652,0
6824072511,5.9311179,-73.6174772,0
6824072512,5.9311678,-73.6174124,0
6824072513,5.9308578,-73.6178665,0
6824072514,5.9309374,-73.6177972,0
6824072515,5.9310094,-73.617751,0
6824072516,5.9310907,-73.6176925,0
6824072518,5.9301936,-73.618275,0
6824072519,5.9303504,-73.6183225,0
6824072520,5.930297,-73.6183406,0
6824072521,5.9304315,-73.6182276,0
6824072522,5.9307195,-73.6185058,0
6824072523,5.9305766,-73.618651,0
6824072524,5.9299915,-73.6194837,0
6824072525,5.9299281,-73.6194483,0
6824072526,5.9297802,-73.6192748,0
6824072527,5.9295444,-73.6189882,0
6824072528,5.9298683,-73.6186626,0
6824072529,5.9297838,-73.6188997,0
6824072530,5.9298049,-73.6191616,0
6824072531,5.9299563,-73.6193987,0
6824072532,5.9280366,-73.6207449,0
6824072533,5.9282821,-73.6204364,0
6824072534,5.9278578,-73.6200529,0
6824072535,5.9279859,-73.6197391,0
6824072536,5.9275923,-73.6195795,0
6824072537,5.9271548,-73.6202742,0
6824072538,5.9271562,-73.6170837,0
6824072539,5.9271455,-73.6169549,0
6824072540,5.9271241,-73.6167833,0
6824072541,5.9261317,-73.6145946,0
6824072546,5.9308839,-73.6155872,0
6824072547,5.9286391,-73.6174307,0
6824072548,5.9290677,-73.6171298,0
6824072549,5.9296177,-73.6170567,0
6824072550,5.9288574,-73.6183983,0
6824072551,5.9284337,-73.6180526,0
6824072552,5.9293103,-73.6186422,0
6824072553,5.9309683,-73.6154793,0
6824072554,5.9307903,-73.6156663,0
6824072555,5.9313726,-73.6160159,0
6824072556,5.9310653,-73.6156988,0
6824072557,5.9312837,-73.6154142,0
6824072558,5.9316314,-73.6156825,0
6824072559,5.9326666,-73.6149833,0
6824072560,5.9332697,-73.6151263,0
6824072561,5.9334751,-73.6149868,0
6824072562,5.9335922,-73.6148959,0
6824072563,5.9329418,-73.6147319,0
6824072564,5.933629,-73.6155931,0
6824072565,5.9335239,-73.6154549,0
6824072566,5.9323674,-73.616268,0
6824072567,5.9325372,-73.6161053,0
6824072568,5.932707,-73.6159183,0
6824072569,5.9329497,-73.6155199,0
6824072570,5.9328122,-73.6156256,0
6824072571,5.9323836,-73.6159427,0
6824072572,5.9324483,-73.615837,0
6824072573,5.9326423,-73.6157395,0
6824072574,5.9339368,-73.6152867,0
6824072575,5.9342712,-73.6148104,0
6824072576,5.9338996,-73.6149879,0
6824072577,5.9295113,-73.6125685,0
6828598863,5.9418319,-73.6130991,0
6828598865,5.927904,-73.6248175,0
6828598866,5.927904,-73.6249963,0
6828598867,5.9278873,-73.625177,0
6828598868,5.9278793,-73.6253057,0
6828598869,5.9278726,-73.6254264,0
6828598870,5.9278993,-73.6255901,0
6828598871,5.9279241,-73.6256819,0
6828598872,5.9279793,-73.6257832,0
6828598873,5.9280033,-73.6259025,0
6828598874,5.9280193,-73.6260353,0
6828598875,5.9280764,-73.6261294,0
6828598876,5.9281994,-73.6262472,0
6828598881,5.9294058,-73.6275944,0
6828603690,5.9284249,-73.6266026,0
6828603691,5.9283326,-73.6264193,0
6828603692,5.9282677,-73.6263301,0
6828603693,5.9325804,-73.6133275,0
6828603694,5.9326969,-73.613235,0
6828603695,5.9323291,-73.6128283,0
6828603696,5.9322311,-73.6129393,0
6828603697,5.9316708,-73.6131805,0
6828603698,5.9322127,-73.6126561,0
6828603699,5.932336,-73.6128045,0
6828603700,5.9317812,-73.6133306,0
6828603701,5.9317153,-73.6132354,0
6828603702,5.9353856,-73.6141106,0
6828603703,5.9319067,-73.6164924,0
6828603704,5.9318694,-73.6165514,0
6858412164,5.93661,-73.6140587,0
6916661101,5.9283621,-73.6191938,0
6916661102,5.9283583,-73.6192311,0
6916661103,5.9283447,-73.6192872,0
6916661104,5.928315,-73.6193635,0
6916661105,5.928153,-73.6196488,0
6916661106,5.9281329,-73.6196732,0
6916661107,5.9281054,-73.6196903,0
6916661108,5.92808,-73.6196988,0
6916661109,5.9282088,-73.6180276,0
6916661110,5.9282675,-73.6180799,0
6916661111,5.9282288,-73.6191501,0
6916661112,5.9283001,-73.6191662,0
6916661113,5.9283308,-73.6191642,0
6945877852,5.9275777,-73.6259572,0
6945877853,5.927443,-73.6257399,0
6945877854,5.9272816,-73.6256151,0
6945877855,5.9271975,-73.6255293,0
6945877856,5.9269893,-73.6253548,0
6945880572,5.9265306,-73.6260148,0
6945880573,5.9264719,-73.6261006,0
6945880574,5.9264212,-73.626165,0
6945896051,5.9291867,-73.6263905,0
6945896052,5.9289818,-73.6266022,0
6945900040,5.9296587,-73.6272356,0
6945900041,5.9285309,-73.6261623,0
6945900042,5.9283468,-73.625945,0
6945900043,5.9282961,-73.6257941,0
6945900044,5.9289391,-73.6256728,0
6945900097,5.9290755,-73.6262855,0
6945900098,5.9292672,-73.6261133,0
6952968061,5.9259918,-73.6250683,0
6952968062,5.9257477,-73.6252814,0
6952971803,5.9267743,-73.6255439,0
6952971806,5.9263707,-73.6249931,0
6952971807,5.9262521,-73.624604,0
6952978203,5.9254915,-73.6250456,0
6952980691,5.926589,-73.6257076,0
6952980692,5.9257867,-73.6248183,0
6952988166,5.9250157,-73.6247739,0
6952988167,5.9238774,-73.6256058,0
6985833371,5.9532818,-73.6446065,0
6992529379,5.9406938,-73.613816,0
6992529380,5.9403766,-73.6131397,0
6992529381,5.9394395,-73.6137771,0
6992529382,5.9387402,-73.6139677,0
6992529383,5.9395638,-73.614051,0
6992529384,5.9405446,-73.6135282,0
6992565538,5.9371448,-73.6107818,0
6992565539,5.937865,-73.6109211,0
6992565540,5.9378446,-73.610782,0
6992565541,5.9378693,-73.6106237,0
6992565542,5.9394214,-73.6120574,0
6992565544,5.9408508,-73.6115655,0
6992565545,5.9404964,-73.6118143,0
6992565546,5.9393639,-73.6144168,0
6992565547,5.9391161,-73.6138719,0
6992565550,5.9350519,-73.613389,0
6992565551,5.935339,-73.613202,0
6992565552,5.9339507,-73.614055,0
6992565553,5.9347198,-73.6121554,0
6992565554,5.9345287,-73.6119036,0
6992565555,5.9342718,-73.6121149,0
6992565556,5.9344802,-73.612371,0
7020799086,5.9409524,-73.6132703,0
7044553037,5.92919,-73.6197233,0
7044553038,5.9292016,-73.6197023,0
7044553039,5.9291806,-73.6196133,0
7044553040,5.929183,-73.619529,0
7044553041,5.9291969,-73.6194705,0
7044553042,5.9291201,-73.6194002,0
7044553043,5.9290642,-73.619618,0
7044553044,5.9292993,-73.6192244,0
7044553045,5.9294437,-73.6190916,0
7044553046,5.9293085,-73.6189433,0
7044553047,5.9291764,-73.6190978,0
7078332687,5.9384583,-73.6133718,0
7095855480,5.6920729,-73.5737242,0
7095855481,5.6921783,-73.5735834,0
7095861648,5.7736152,-73.5740233,0
7095861649,5.7748001,-73.5672641,0
7095862067,5.7578756,-73.5802835,0
7095862068,5.7574059,-73.5804874,0
7151390638,5.9291426,-73.6190885,0
7151390639,5.9293085,-73.6189032,0
7151390640,5.9290719,-73.6186838,0
7151390641,5.9290934,-73.6188352,0
7151390642,5.9291118,-73.618968,0
7151390643,5.937479,-73.613825,0
7151404803,5.9420841,-73.613662,0
7151404804,5.9420361,-73.6135686,0
7151404807,5.9418745,-73.613648,0
7151404808,5.941915,-73.6137405,0
7151404809,5.9410299,-73.6130088,0
7151404810,5.9416773,-73.6139506,0
7161282882,5.7261281,-73.5736853,0
7161282883,5.7184098,-73.5662931,0
7161315118,5.6942308,-73.5726781,0
7161315119,5.6938651,-73.5728095,0
7161315120,5.693693,-73.5728659,0
7161315121,5.6931778,-73.5730791,0
7161315122,5.6925573,-73.57324,0
7161315123,5.6923731,-73.5734586,0
7161315124,5.6919715,-73.5738301,0
7161315125,5.6926147,-73.5755239,0
7161315126,5.6926347,-73.5758981,0
7161315127,5.6924052,-73.576224,0
7161315128,5.6922651,-73.5762924,0
7161315129,5.6918914,-73.576279,0
7161315130,5.6909466,-73.5755856,0
7161315131,5.6900805,-73.5753268,0
7161315132,5.6883563,-73.5753375,0
7161315133,5.6872207,-73.5753053,0
7161315134,5.6863092,-73.5753161,0
7161315135,5.6868417,-73.5752383,0
7161315136,5.6840352,-73.5761395,0
7161315137,5.68267,-73.5766438,0
7161315138,5.6833826,-73.5765164,0
7161315139,5.6828101,-73.5766357,0
7161315140,5.6821415,-73.5766773,0
7161315141,5.6788479,-73.5778856,0
7161315142,5.6777643,-73.5775101,0
7161315143,5.6780419,-73.5776281,0
7161315168,5.6664981,-73.5781485,0
7464760537,5.9233938,-73.6230045,0
7464760538,5.9219927,-73.6240209,0
7464760539,5.9206795,-73.6243885,0
7464760540,5.9193567,-73.6247777,0
7464760541,5.9173662,-73.6257002,0
7464760542,5.916065,-73.6267978,0
7464760543,5.9155129,-73.627455,0
7464760544,5.9151264,-73.6283356,0
7464760545,5.9154275,-73.6291876,0
7464760546,5.9156431,-73.6295869,0
7464760547,5.9157916,-73.6298324,0
7464760548,5.9155236,-73.6308592,0
7464760549,5.9144347,-73.6318373,0
7464760550,5.913259,-73.6324038,0
7464760551,5.9129152,-73.632506,0
7464760552,5.9125917,-73.6324893,0
7464760553,5.9120838,-73.6324612,0
7464760554,5.9117535,-73.6326589,0
7464760555,5.9113608,-73.6329145,0
7464760556,5.9111392,-73.6331312,0
7464760557,5.91087,-73.6337148,0
7464760558,5.9108714,-73.634163,0
7464760559,5.9110449,-73.6349379,0
7475979416,5.9347113,-73.58693,0
7475979426,5.9342046,-73.5900506,0
7475979451,5.9339343,-73.5926324,0
7475979456,5.934419,-73.5997938,0
7475979457,5.9345856,-73.5996732,0
7475979458,5.9349899,-73.599386,0
7475979459,5.9356835,-73.598828,0
7475979460,5.9358054,-73.5986942,0
7475979462,5.9350156,-73.6052977,0
7475979463,5.935133,-73.605625,0
7475979464,5.9353159,-73.6061427,0
7475979465,5.9365497,-73.6054454,0
7475979466,5.936187,-73.604568,0
7475979467,5.9285496,-73.6097784,0
7475979468,5.9273097,-73.6090717,0
7475979469,5.9260464,-73.6083555,0
7475979470,5.9256649,-73.6081329,0
7475979471,5.9274604,-73.6087605,0
7475979472,5.9275231,-73.6084065,0
7475979473,5.9257609,-73.6072652,0
7475979474,5.9255102,-73.6071982,0
7475979475,5.9249646,-73.6069112,0
7475979476,5.9241203,-73.6062996,0
7475979478,5.9237347,-73.6059778,0
7475979480,5.9236466,-73.6058035,0
7475979483,5.9236507,-73.605566,0
7475979484,5.9235494,-73.6053152,0
7475979485,5.9231451,-73.6050779,0
7475979486,5.9229851,-73.6050551,0
7475979487,5.922917,-73.6050859,0
7475979488,5.922769,-73.6051945,0
7475979489,5.9226302,-73.6052334,0
7475979490,5.9223594,-73.6052576,0
7475979491,5.9220153,-73.6054882,0
7475979493,5.919374,-73.6030847,0
7475979494,5.9194912,-73.6030532,0
7475979495,5.9197482,-73.6030724,0
7475979496,5.9199936,-73.6031554,0
7475979497,5.9203459,-73.6032888,0
7475979498,5.9205057,-73.6033799,0
7475979499,5.9206969,-73.6035319,0
7475979500,5.9211349,-73.6037946,0
7475979501,5.9212575,-73.6038764,0
7475979502,5.9213043,-73.6039473,0
7475979503,5.921319,-73.6040398,0
7475979504,5.9212909,-73.6041404,0
7475979505,5.9210908,-73.6045307,0
7475979506,5.9210675,-73.6046366,0
7475979507,5.9211175,-73.6047064,0
7475979508,5.9212496,-73.6047198,0
7475979509,5.9213656,-73.6047817,0
7475979510,5.9214016,-73.6048367,0
7475979511,5.9216538,-73.6055003,0
7475979512,5.9217365,-73.605617,0
7475979513,5.9218592,-73.6056022,0
7475979515,5.9192203,-73.6031878,0
7475995465,5.9227209,-73.597221,0
7475995466,5.9218386,-73.5958112,0
7475995467,5.9209427,-73.5948732,0
7475995468,5.920551,-73.5944438,0
7476000185,5.917122,-73.5912931,0
7476000186,5.9164146,-73.5909864,0
7476000276,5.9221462,-73.5872874,0
7476005594,5.9185041,-73.6029148,0
7476005595,5.9179168,-73.6029795,0
7476005596,5.9173502,-73.602903,0
7476005597,5.9170214,-73.6027776,0
7476005598,5.9168866,-73.6027409,0
7476005599,5.9164936,-73.6027219,0
7476005600,5.9161183,-73.6026903,0
7476005601,5.9154797,-73.6025446,0
7476005602,5.9153428,-73.6024359,0
7476005603,5.9151854,-73.6023071,0
7476005604,5.9149693,-73.6022079,0
7476005605,5.9146892,-73.6021569,0
7476005606,5.9143246,-73.6021495,0
7476005607,5.9140651,-73.6020507,0
7476005608,5.9135235,-73.602166,0
7476005609,5.9130436,-73.6021964,0
7476005610,5.9129793,-73.6022204,0
7476005611,5.9129541,-73.6022724,0
7476005612,5.9129856,-73.602418,0
7476005613,5.9130146,-73.6025649,0
7476005614,5.9129781,-73.60267,0
7476005615,5.9128685,-73.602732,0
7476005616,5.9127312,-73.6027422,0
7476005617,5.9125019,-73.6026333,0
7476005618,5.9123369,-73.6024826,0
7476005619,5.9121417,-73.6022217,0
7476005620,5.9120598,-73.6022002,0
7476005621,5.9120031,-73.6022166,0
7476005622,5.9119275,-73.6022635,0
7476005623,5.9113847,-73.6026016,0
7476005624,5.9111907,-73.60267,0
7476005625,5.9108833,-73.6027308,0
7476005626,5.9107737,-73.6026827,0
7476005627,5.910484,-73.6025155,0
7476005628,5.910115,-73.6023382,0
7476005629,5.9097056,-73.60209,0
7476005630,5.9095368,-73.6020317,0
7476005631,5.909305,-73.6020862,0
7476005632,5.9091551,-73.6021938,0
7476005633,5.9085215,-73.6023623,0
7476005634,5.9083376,-73.602575,0
7476005635,5.9081234,-73.6027578,0
7476005636,5.9076461,-73.6031474,0
7476005637,5.907444,-73.6033617,0
7476005669,5.9138466,-73.6020647,0
7476005670,5.9187207,-73.6028329,0
7476005671,5.9188602,-73.6027843,0
7476005672,5.918993,-73.6027605,0
7476017982,5.9256636,-73.603907,0
7476017983,5.9253422,-73.6035195,0
7476017984,5.9252541,-73.6029791,0
7476017985,5.9252628,-73.602613,0
7476017986,5.9252235,-73.6023613,0
7476017987,5.9250968,-73.6019663,0
7476017989,5.9248032,-73.6015011,0
7476017991,5.9244111,-73.6016822,0
7476017992,5.9241802,-73.6017519,0
7476017993,5.9239722,-73.6015856,0
7476017994,5.9238185,-73.6014073,0
7476017995,5.9237554,-73.6012788,0
7476017996,5.9237381,-73.6010384,0
7476017997,5.9236554,-73.6009493,0
7476017998,5.9235039,-73.6008614,0
7476017999,5.9233612,-73.6008373,0
7476018009,5.9244062,-73.6020239,0
7476018010,5.9245676,-73.6024452,0
7476018011,5.9245979,-73.6028312,0
7476018012,5.9245187,-73.6030659,0
7476018029,5.9556617,-73.6034766,0
7537780429,5.9319251,-73.6303107,0
7537792495,5.9211776,-73.6157075,0
7578449413,5.9263932,-73.6182663,0
7578449414,5.9262799,-73.6180973,0
7578449415,5.9262185,-73.6180209,0
7578449416,5.9260758,-73.6178881,0
7578449417,5.9257983,-73.6175582,0
7578449418,5.9257637,-73.61753,0
7578449419,5.925725,-73.6175273,0
7578449420,5.925669,-73.6175648,0
7578449421,5.9253995,-73.6177727,0
7578449422,5.9252341,-73.6178693,0
7578449423,5.924958,-73.618002,0
7578449424,5.9248886,-73.6180436,0
7578449425,5.9247072,-73.6182931,0
7578449426,5.925038,-73.6179752,0
7578449427,5.9253555,-73.618332,0
7578449428,5.9257649,-73.6188,0
7578449429,5.9258117,-73.6188738,0
7578449430,5.925893,-73.6190455,0
7578449431,5.9261798,-73.6194076,0
7578449432,5.9262639,-73.6194894,0
7578449433,5.9263599,-73.6195497,0
7578449434,5.9265828,-73.6196057,0
7578449435,5.9247618,-73.6181925,0
7578449436,5.9255182,-73.619028,0
7578449437,5.925885,-73.6194907,0
7578449438,5.9260278,-73.6197576,0
7578449439,5.9261252,-73.619885,0
7578449440,5.9262225,-73.6199681,0
7578449441,5.9264385,-73.6200402,0
7578449442,5.9262777,-73.621397,0
7578449443,5.927203,-73.620974,0
7578449444,5.9270119,-73.6212252,0
7578449445,5.9264973,-73.6208426,0
7578449446,5.926376,-73.6207996,0
7578449447,5.9262964,-73.6207735,0
7578449448,5.9260454,-73.6213424,0
7578449449,5.9260945,-73.6211023,0
7578449450,5.926233,-73.6214076,0
7578449451,5.9260939,-73.6216586,0
7578449453,5.9256743,-73.6225632,0
7578449454,5.9258944,-73.6246178,0
7578449455,5.9273564,-73.6245359,0
7578449463,5.9275018,-73.6254573,0
7578449476,5.9267854,-73.626962,0
7578449478,5.9275174,-73.6267128,0
7578480338,5.9282288,-73.6137897,0
7578480339,5.9284996,-73.6135805,0
7578480340,5.9292652,-73.6129931,0
7578480341,5.9273791,-73.6154231,0
7578480342,5.9273384,-73.6156303,0
7578480343,5.9273564,-73.6157242,0
7578480344,5.9273877,-73.6158134,0
7578480345,5.9274377,-73.6159965,0
7578480346,5.9273991,-73.6161587,0
7578480347,5.9254441,-73.6184253,0
7578480348,5.9264999,-73.6181617,0
7578480349,5.9265733,-73.6180906,0
7578480350,5.9267308,-73.6179927,0
7578480351,5.9268228,-73.6179886,0
7578480352,5.9270292,-73.618004,0
7578480353,5.9255182,-73.6176811,0
7578480354,5.9258624,-73.6180691,0
7578480355,5.9261945,-73.6184487,0
7578480356,5.9268289,-73.618889,0
7578480357,5.9252897,-73.6178368,0
7578480358,5.9256583,-73.6182395,0
7578480359,5.9259757,-73.6186324,0
7578480360,5.9267309,-73.6191568,0
7578480361,5.92668,-73.6180155,0
7578480362,5.9263706,-73.6187276,0
7578480363,5.9262759,-73.6189878,0
7578480364,5.9261494,-73.6193691,0
7578480365,5.9262159,-73.6191688,0
7578480366,5.9266672,-73.6193395,0
7578497934,5.936207,-73.6109988,0
7578497936,5.9354186,-73.609871,0
7578497937,5.9346436,-73.6098924,0
7578497938,5.9343212,-73.6101056,0
7578497939,5.9341859,-73.6098468,0
7578497940,5.9344473,-73.6103681,0
7578497941,5.933906,-73.6107748,0
7578497942,5.93559,-73.6115434,0
7578529545,5.9380271,-73.6102448,0
7578529546,5.9379874,-73.610251,0
7578529547,5.9379457,-73.6102658,0
7578529548,5.9379112,-73.6102858,0
7578529549,5.937878,-73.6103143,0
7578529550,5.9378558,-73.6103411,0
7578529551,5.9378138,-73.610471,0
7578529552,5.9378172,-73.6105131,0
7578529553,5.937828,-73.6105532,0
7578529554,5.9378958,-73.6106499,0
7578529555,5.9379262,-73.6106714,0
7578529556,5.9379597,-73.6106877,0
7578529557,5.9396244,-73.6105482,0
7578541818,5.9295714,-73.6127807,0
7578541819,5.9296027,-73.6128804,0
7578541820,5.9305104,-73.6137624,0
7578541821,5.9362563,-73.6149779,0
7578541822,5.9391709,-73.6147486,0
7578541823,5.9395665,-73.6110348,0
7578598703,5.9350919,-73.6086385,0
7578598704,5.9352706,-73.6088812,0
7578598705,5.935448,-73.6089697,0
7578598706,5.9332657,-73.6157624,0
7578598707,5.9336725,-73.6163099,0
7578598708,5.9376555,-73.6093634,0
7578598709,5.9380591,-73.6091765,0
7578598710,5.9398659,-73.6117874,0
7578598711,5.9398468,-73.6117801,0
7578598712,5.9398251,-73.6117026,0
7578598713,5.9398252,-73.611666,0
7578598714,5.9397811,-73.6116345,0
7578598715,5.9394665,-73.6110167,0
7578598716,5.9341757,-73.6143617,0
7578598717,5.933886,-73.6151049,0
7578598718,5.9336032,-73.6147083,0
7578598719,5.9331933,-73.6141483,0
7578598720,5.9347009,-73.6169107,0
7578598722,5.9384513,-73.6188081,0
7578598723,5.9384579,-73.6187585,0
7578598724,5.93717,-73.6194934,0
7578598725,5.9367635,-73.6187918,0
7578598726,5.9363083,-73.6192319,0
7578598727,5.9369239,-73.6197341,0
7578598728,5.9367932,-73.6198521,0
7578598729,5.9367412,-73.619892,0
7578598730,5.9366918,-73.6198951,0
7578598731,5.9366418,-73.6198481,0
7578598732,5.9361416,-73.618902,0
7578598733,5.9360162,-73.6186713,0
7578598734,5.9358001,-73.6183146,0
7578598735,5.9357981,-73.6182368,0
7578598736,5.9358155,-73.6181764,0
7578598737,5.9358555,-73.6181255,0
7578598738,5.9358995,-73.6180651,0
7578598739,5.9359142,-73.617986,0
7578598740,5.9358935,-73.6179136,0
7578598741,5.9339446,-73.619256,0
7578598742,5.9319304,-73.6219811,0
7578598743,5.9337619,-73.6238319,0
7578598744,5.9333817,-73.6235261,0
7578598745,5.9332497,-73.6234725,0
7578598746,5.9330369,-73.6234704,0
7578598747,5.9328875,-73.6234792,0
7578598748,5.9328201,-73.623455,0
7578598749,5.9328335,-73.6241698,0
7578598750,5.9322692,-73.6235838,0
7578598751,5.9276325,-73.6213401,0
7578598752,5.9274248,-73.620505,0
7578598753,5.9272583,-73.6207264,0
7578598754,5.9277142,-73.6206747,0
7578672423,5.9319833,-73.6110383,0
7578672424,5.9343035,-73.6087163,0
7578672425,5.9344148,-73.6089564,0
7578672426,5.9344235,-73.6089275,0
7578672427,5.9346503,-73.6083072,0
7578672428,5.9343475,-73.6086009,0
7578672429,5.9343155,-73.6086459,0
7578672430,5.9343048,-73.6086821,0
7578672431,5.9343155,-73.6087505,0
7578672432,5.9344188,-73.6088866,0
7578672433,5.9350425,-73.6063559,0
7578672434,5.9350184,-73.60774,0
7578672435,5.9352192,-73.6075247,0
7578672436,5.933819,-73.6099403,0
7578672437,5.9339586,-73.6098247,0
7578672438,5.933782,-73.6095015,0
7578672439,5.9342442,-73.6097974,0
7578672440,5.9339886,-73.6093218,0
7578672441,5.9337206,-73.6095679,0
7578672442,5.9356867,-73.6084065,0
7578672443,5.9357014,-73.6083757,0
7578672444,5.9356227,-73.6079143,0
7578672445,5.9356127,-73.6078976,0
7578672446,5.935592,-73.6078929,0
7578672447,5.9348503,-73.6081007,0
7578672448,5.9356481,-73.6084052,0
7578672449,5.9357534,-73.6088242,0
7578672450,5.9360109,-73.6081464,0
7578672451,5.9360002,-73.6087511,0
7578672452,5.9356494,-73.6088558,0
7578672453,5.935528,-73.608904,0
7578672454,5.9366218,-73.6084978,0
7578672455,5.9374132,-73.6088542,0
7578672456,5.936343,-73.6135563,0
7578672457,5.9361238,-73.6137829,0
7578672458,5.9392049,-73.6155787,0
7578672459,5.9392443,-73.6155197,0
7578672471,5.9374688,-73.6271135,0
7578672472,5.9373595,-73.6255431,0
7578672473,5.9373561,-73.6254649,0
7578672474,5.9373915,-73.6254164,0
7578672475,5.9376316,-73.6256853,0
7578672476,5.9383992,-73.6256062,0
7578672477,5.9383523,-73.625198,0
7578672478,5.9375115,-73.6254184,0
7578672479,5.9343702,-73.6293747,0
7578672480,5.9342741,-73.629612,0
7578672481,5.9342368,-73.6297274,0
7578672482,5.9327148,-73.6297971,0
7578672483,5.9392549,-73.6163995,0
7578672484,5.9382132,-73.6114897,0
7578681285,5.9380815,-73.6110509,0
7578746496,5.9291742,-73.6201909,0
7578746497,5.9292613,-73.6200942,0
7578746498,5.9293933,-73.6200071,0
7578746499,5.9295561,-73.6199682,0
7578746500,5.9290731,-73.6200996,0
7578746501,5.9293706,-73.6208037,0
7578746502,5.929596,-73.6204965,0
7578746503,5.9296412,-73.6203761,0
7578746504,5.9293666,-73.6203584,0
7578746505,5.9271142,-73.6256383,0
7578746506,5.9269752,-73.6258087,0
7578746507,5.9271743,-73.6259542,0
7578746508,5.9271523,-73.6259588,0
7578746509,5.9267211,-73.6255907,0
7578746510,5.9270362,-73.6225699,0
7578746511,5.9269551,-73.6226639,0
7578746512,5.9272096,-73.622531,0
7578746513,5.9270259,-73.6227448,0
7578746514,5.927177,-73.6229058,0
7578746515,5.9267441,-73.6224438,0
7578746516,5.9267168,-73.6215734,0
7578746517,5.9264138,-73.621385,0
7578746518,5.9269442,-73.6213844,0
7578746519,5.9265227,-73.621221,0
7578746520,5.9320894,-73.617782,0
7578746521,5.9329495,-73.6169822,0
7578746522,5.9334432,-73.6175178,0
7578746523,5.9325854,-73.6182944,0
7578776788,5.931078,-73.612167,0
7578776789,5.9318837,-73.6114105,0
7578776790,5.9336725,-73.629785,0
7578776791,5.9337392,-73.6300519,0
7578776792,5.9336272,-73.6297314,0
7578776793,5.9240185,-73.6242808,0
7578776794,5.9244124,-73.6233678,0
7578776795,5.9245711,-73.6232176,0
7578776796,5.9246658,-73.6232914,0
7578776797,5.9248726,-73.623502,0
7578776798,5.9250647,-73.6236951,0
7578776799,5.9253074,-73.6238399,0
7578776800,5.9257038,-73.6240047,0
7578812947,5.9260638,-73.6220683,0
7578812948,5.9262545,-73.6219476,0
7578812949,5.9263866,-73.621835,0
7578812950,5.9265527,-73.6216669,0
7578812951,5.9242576,-73.6254546,0
7578830947,5.9270976,-73.6246299,0
7578834295,5.9212109,-73.6263531,0
7578851605,5.9288144,-73.6203758,0
7578918860,5.9267267,-73.6186069,0
7578918861,5.9264491,-73.6185053,0
7578918862,5.9252661,-73.6205341,0
7578918863,5.9255315,-73.6207996,0
7578918864,5.9255943,-73.6208654,0
7578918865,5.9258464,-73.6209847,0
7578948366,5.9407809,-73.6139868,0
7578948367,5.9400986,-73.6150905,0
7578949543,5.9305942,-73.6120227,0
7578949544,5.9300069,-73.6116902,0
7578954695,5.9296041,-73.6167904,0
7578954696,5.9274511,-73.6144021,0
7578954697,5.9271576,-73.6142953,0
7578954698,5.9266401,-73.6143851,0
7578954699,5.9265528,-73.6145983,0
7578954700,5.9269802,-73.6191273,0
7578954701,5.9267689,-73.6190515,0
7578954702,5.9270589,-73.6188858,0
7578954703,5.9268546,-73.6188117,0
7578954704,5.9267882,-73.6168716,0
7578954705,5.9270014,-73.6184055,0
7578954706,5.9265462,-73.618249,0
7579052903,5.9274311,-73.6160769,0
7579052904,5.9273577,-73.6162513,0
7579052905,5.9272176,-73.6165282,0
7579052907,5.9272324,-73.616812,0
7579052908,5.9273404,-73.6169426,0
7579052909,5.9274164,-73.6169574,0
7579052910,5.9274898,-73.6169158,0
7579052911,5.9315623,-73.6200513,0
7579052912,5.9358628,-73.6141062,0
7579052913,5.935592,-73.6137991,0
7579052914,5.9376652,-73.6088684,0
7579052915,5.9375677,-73.608634,0
7579052916,5.9374447,-73.6083877,0
7579052917,5.9373296,-73.6081444,0
7579052918,5.9372478,-73.6078849,0
7579052919,5.9373636,-73.6081285,0
7579052920,5.9334938,-73.6097898,0
7579052921,5.9334304,-73.6098053,0
7579052922,5.9333797,-73.6097771,0
7579052923,5.9333791,-73.6097241,0
7579052924,5.9334037,-73.6096738,0
7579052925,5.9335911,-73.6093613,0
7579052926,5.9334177,-73.6089872,0
7579052927,5.9334484,-73.6095974,0
7579052928,5.9329695,-73.6087646,0
7579052929,5.933363,-73.6085647,0
7579052930,5.9336565,-73.6083086,0
7579052931,5.9337392,-73.6082174,0
7579052932,5.9339042,-73.6080249,0
7579052933,5.9335759,-73.6074539,0
7579052934,5.9337099,-73.6077212,0
7579052935,5.9338459,-73.6079411,0
7579052936,5.9339967,-73.608035,0
7579052937,5.9324267,-73.6098361,0
7579052938,5.9327361,-73.6103243,0
7579052939,5.9324973,-73.6105576,0
7579052940,5.9321452,-73.6100533,0
7579052941,5.9326587,-73.6104074,0
7579052944,5.9321692,-73.6166569,0
7579052945,5.9320019,-73.6165227,0
7579052946,5.9380544,-73.6152488,0
7579052947,5.9382234,-73.6151551,0
7579052948,5.9387947,-73.6148116,0
7579052949,5.9344775,-73.6089248,0
7579052950,5.9347175,-73.6092395,0
7579052951,5.9346508,-73.6092875,0
7579057055,5.9282147,-73.6170686,0
7579057056,5.9288102,-73.614413,0
7579057057,5.9289131,-73.6144803,0
7579057058,5.9290278,-73.614538,0
7579057059,5.9292119,-73.6146494,0
7579057060,5.9295326,-73.6148633,0
7579057061,5.9322472,-73.6215048,0
7579057062,5.9320958,-73.6217223,0
7579057063,5.9321719,-73.622535,0
7579057064,5.9325814,-73.6223835,0
7579057065,5.9328428,-73.6222937,0
7579057066,5.9330945,-73.6221706,0
7579057067,5.93093,-73.612808,0
7579057068,5.9310954,-73.6129743,0
7579057069,5.9313261,-73.6131553,0
7579057070,5.9311888,-73.6130333,0
7579057071,5.9311405,-73.6130037,0
7579057072,5.9360445,-73.6100729,0
7579057073,5.9362718,-73.6104944,0
7580479575,5.9339726,-73.6084373,0
7580479576,5.9299749,-73.6115983,0
7580479577,5.9337472,-73.6166503,0
7580479578,5.9335487,-73.616425,0
7580524727,5.9399032,-73.621324,0
7580524728,5.9393408,-73.621501,0
7580524729,5.9401326,-73.6219248,0
7580524730,5.9402914,-73.6223661,0
7580524731,5.9397045,-73.6228392,0
7580524732,5.9407489,-73.6227644,0
7580524733,5.9398499,-73.6231331,0
7580524734,5.9399086,-73.6233759,0
7580524735,5.9398905,-73.6232612,0
7580524737,5.939371,-73.6221742,0
7580524738,5.939335,-73.6213749,0
7580524739,5.9393163,-73.6212891,0
7580524740,5.9392683,-73.6212167,0
7580524741,5.9409783,-73.6250067,0
7580524742,5.9409277,-73.6247412,0
7580524743,5.9405809,-73.6240411,0
7580524744,5.9402874,-73.6238909,0
7580524745,5.9398732,-73.6234879,0
7580524746,5.9396151,-73.6234631,0
7580524747,5.9390189,-73.6224331,0
7580524777,5.9419401,-73.6141303,0
7580524778,5.9417253,-73.6136266,0
7580524779,5.9413915,-73.6137827,0
7580524780,5.939287,-73.6155184,0
7580524781,5.9393623,-73.615509,0
7580524782,5.9397471,-73.6153159,0
7580524783,5.9394216,-73.6145233,0
7580749816,5.9183616,-73.6272235,0
7581054316,5.9337621,-73.6081914,0
7581054317,5.9335899,-73.6079666,0
7581054318,5.9344995,-73.6053541,0
7581054319,5.9359242,-73.605731,0
7581054320,5.935644,-73.6050215,0
7581054321,5.9358895,-73.6049237,0
7581054322,5.9384591,-73.6072373,0
7581054323,5.9381158,-73.6073685,0
7581054324,5.93835,-73.6080322,0
7581054325,5.9386931,-73.6078924,0
7581054326,5.9389976,-73.6077819,0
7581054327,5.9387539,-73.6070728,0
7581115603,5.9356147,-73.6059482,0
7792306482,5.9254088,-73.6161702,0
7792306483,5.9254368,-73.6160159,0
7792306484,5.9254355,-73.6157718,0
7792330862,5.9189899,-73.6028154,0
7792330868,5.9248859,-73.6089778,0
7792330869,5.9269122,-73.6061762,0
7792330870,5.9261332,-73.6060019,0
7792330871,5.925781,-73.6058503,0
7792330872,5.9255676,-73.6057712,0
7792330873,5.9295413,-73.6075307,0
7792330874,5.9287944,-73.6071298,0
7792330875,5.9291865,-73.6082577,0
7792330876,5.9288463,-73.6090033,0
7792330877,5.928042,-73.6067428,0
7792330878,5.9278199,-73.6075281,0
7792330879,5.9276112,-73.6082321,0
7792337525,5.9249587,-73.6016326,0
7792337526,5.9248579,-73.6035973,0
7792337527,5.9245551,-73.6036322,0
7792337528,5.924339,-73.6035571,0
7792337529,5.9235079,-73.6028812,0
7792337530,5.9241096,-73.6034108,0
7792337531,5.9238655,-73.6035302,0
7792337532,5.9236813,-73.6035732,0
7792337533,5.9229507,-73.6033426,0
7792337539,5.9231105,-73.6024371,0
7792337541,5.9237808,-73.6023044,0
7792337542,5.9238975,-73.6024668,0
7792337543,5.9233492,-73.6018633,0
7792337547,5.9226164,-73.6027849,0
7792338730,5.933159,-73.582955,0
7792377785,5.9254035,-73.6155546,0
7792377786,5.9251114,-73.6167388,0
7792377787,5.9249406,-73.616826,0
7792377788,5.9247699,-73.6167816,0
7792377789,5.9247018,-73.6166449,0
7792377791,5.9249313,-73.6161715,0
7792377792,5.9252274,-73.6154741,0
7792377793,5.9252781,-73.6154446,0
7792377794,5.9253448,-73.6154607,0
7792377795,5.925074,-73.6158027,0
7792377796,5.9249339,-73.6155814,0
7802207932,5.9078616,-73.5880786,0
7802207933,5.9080533,-73.5889092,0
7802207934,5.9149266,-73.5901755,0
7802207935,5.9134628,-73.5902896,0
7802207936,5.9128083,-73.5907602,0
7802207937,5.9125308,-73.5906637,0
7802219385,5.9191233,-73.6032049,0
7802219386,5.9190512,-73.6032057,0
7802219387,5.9189721,-73.6031669,0
7802219388,5.9189428,-73.6029772,0
7802243789,5.9177239,-73.6278619,0
7802248895,5.9182262,-73.6162057,0
8275187862,5.933289,-73.6145498,0
8529659717,5.9335518,-73.6156938,0
8674939513,5.9256816,-73.6127784,0
8674939514,5.9259474,-73.6102975,0
8674939515,5.9257624,-73.6077321,0
8674939516,5.9256591,-73.6068363,0
8754343733,5.9356561,-73.6134262,0
8754343734,5.9357308,-73.6133766,0
8754343735,5.9356976,-73.6136816,0
8754343736,5.9358363,-73.6135515,0
8754343737,5.935572,-73.6132854,0
8754343738,5.9354106,-73.613386,0
8754343739,5.9354105,-73.613732,0
8754343740,5.9353726,-73.6137696,0
8754343741,5.9354121,-73.6138098,0
8754343742,5.93545,-73.6137722,0
8754343743,5.9353124,-73.6138074,0
8754343744,5.9353351,-73.6137657,0
8754343745,5.9353019,-73.6137967,0
8754343746,5.9354342,-73.6136675,0
8754343747,5.9353413,-73.6135729,0
8754343748,5.9351427,-73.6137699,0
8754343749,5.9352346,-73.6138635,0
8754343750,5.935411,-73.613843,0
8754343751,5.9352447,-73.6138745,0
8754343752,5.935311,-73.6139421,0
8754343753,5.9352407,-73.6136421,0
8754343754,5.935326,-73.613567,0
8754343755,5.9352572,-73.6134879,0
8754343756,5.9351718,-73.613563,0
8754343757,5.9351225,-73.6137555,0
8754343758,5.9352253,-73.613663,0
8754343759,5.9351505,-73.6135791,0
8754343760,5.9350478,-73.6136717,0
8754343761,5.9353502,-73.6134556,0
8754343762,5.9353951,-73.6135056,0
8754343763,5.9353053,-73.6134977,0
8754343764,5.935351,-73.613547,0
8754343765,5.9353965,-73.6135072,0
8754343766,5.935331,-73.6134349,0
8754343767,5.9353844,-73.6133848,0
8754343768,5.9354508,-73.6134562,0
8754343769,5.9354202,-73.6136194,0
8754343770,5.9353708,-73.6135671,0
8754343771,5.9354693,-73.6134732,0
8754343772,5.9355187,-73.6135255,0
8754343773,5.935527,-73.6137619,0
8754343774,5.9354243,-73.6136506,0
8754343775,5.9355427,-73.6135402,0
8754343776,5.9356454,-73.6136515,0
8853874318,5.9298823,-73.6196847,0
8890162819,5.9303019,-73.6193355,0
8890199218,5.9302226,-73.6193918,0
8890199219,5.9302593,-73.6195366,0
8890199417,5.9303326,-73.6193063,0
8890199418,5.9304546,-73.6192155,0
8890199517,5.9303778,-73.6192678,0
8907474917,5.9302609,-73.6193627,0
8909764818,5.9298761,-73.619623,0
8909891417,5.9308631,-73.6170581,0
8909891617,5.9298574,-73.6194888,0
8920060717,5.9298736,-73.6195113,0
8920116817,5.9298246,-73.6194577,0
8944615618,5.9298696,-73.6199198,0
8944615619,5.9298808,-73.6197891,0
8944678418,5.9301686,-73.6193287,0
9161688828,5.9398264,-73.6109059,0
9420394646,5.9319971,-73.623789,0
9420394647,5.9324629,-73.6243579,0
9420450283,5.9345759,-73.6235238,0
9420450284,5.9343998,-73.6236418,0
9420450285,5.9342824,-73.623733,0
9420450286,5.9342264,-73.6238671,0
9420450287,5.9342024,-73.6240253,0
9420450288,5.9342397,-73.6241487,0
9420450289,5.9342184,-73.6243043,0
9420450290,5.9341117,-73.6244196,0
9420450291,5.9338742,-73.6244625,0
9420450292,5.9337008,-73.6245054,0
9420450293,5.9334634,-73.6245189,0
9420450294,5.93329,-73.6244786,0
9420450295,5.9330499,-73.6244303,0
9420450296,5.9328285,-73.6244947,0
9420450297,5.9323749,-73.6246315,0
9420450298,5.9321081,-73.6246851,0
9420450299,5.931828,-73.6246422,0
9420450300,5.9314999,-73.6246369,0
9420450301,5.9312251,-73.6245886,0
9420450302,5.9310517,-73.6245698,0
9420450303,5.9309663,-73.6245135,0
9420450304,5.9308729,-73.6243338,0
9420450305,5.9307715,-73.6241943,0
9420450306,5.9306782,-73.6240548,0
9420450307,5.9305554,-73.6239985,0
9420450308,5.9302913,-73.6240468,0
9420450309,5.930206,-73.6241541,0
9420450310,5.9301019,-73.6242533,0
9420450311,5.9299899,-73.6243606,0
9420450312,5.9298138,-73.6245296,0
9420450313,5.929579,-73.6246181,0
9420450314,5.9293923,-73.6246181,0
9420450315,5.9291708,-73.6246449,0
9420450316,5.9289601,-73.6245993,0
9420453817,5.92884,-73.6245349,0
9420453818,5.9286773,-73.624425,0
9420453819,5.9285172,-73.6243445,0
9420453820,5.9282691,-73.6243284,0
9420453821,5.928037,-73.6242265,0
9420453822,5.9277008,-73.6238376,0
9420453823,5.9275221,-73.6236337,0
9420453824,5.927354,-73.6235506,0
9420453825,5.9270205,-73.6235103,0
9420453826,5.9268311,-73.6235211,0
9420453827,5.9264549,-73.6238537,0
9420453828,5.9262682,-73.623961,0
9420453829,5.9261188,-73.6240146,0
9420453830,5.925936,-73.6239516,0
9420453831,5.9256813,-73.623792,0
9420453832,5.9253104,-73.6235828,0
9420453833,5.9250596,-73.6233199,0
9420453834,5.9248569,-73.6229712,0
9420453835,5.9247422,-73.622762,0
9420453836,5.9244407,-73.6224214,0
9420453837,5.9239637,-73.6222045,0
9420453838,5.9257688,-73.623844,0
9420453839,5.9258505,-73.6239001,0
9442619718,5.9258333,-73.6091667,0
9452105122,5.9280743,-73.6228853,0
9454814066,5.9265898,-73.6210751,0
9491813462,5.9195475,-73.61626,0
9623145654,5.8783935,-73.6441523,0
9751872326,5.9312584,-73.6163997,0
9799086120,5.9350217,-73.5904563,0
9799086121,5.9340623,-73.5941403,0
9828581717,5.9294814,-73.6187805,0
9828583321,5.9293264,-73.6178681,0
9957369214,5.941191,-73.6129817,0
9957369215,5.9412344,-73.6130555,0
9957369216,5.9413138,-73.6131459,0
9957376574,5.9446237,-73.6123758,0
9957393317,5.9413732,-73.6131973,0
9957393319,5.9414825,-73.61316,0
9957393320,5.9414919,-73.6130916,0
9957393322,5.9413793,-73.6129613,0
9957393323,5.9415046,-73.6132598,0
9957393324,5.9414272,-73.6130606,0
9957393325,5.9413552,-73.6130889,0
9957393326,5.9414325,-73.6132881,0
9957400378,5.9278147,-73.6246449,0
9957400379,5.9278139,-73.6245279,0
9957400380,5.927622,-73.6246317,0
9957400381,5.9275637,-73.6246759,0
9957400382,5.9275317,-73.6247257,0
9957400383,5.9275548,-73.6248653,0
9957400384,5.9275836,-73.6245746,0
9957400385,5.9276463,-73.6246678,0
9957400386,5.9275859,-73.6247089,0
9957400387,5.9275232,-73.6246157,0
9957400896,5.9277758,-73.6141583,0
9957400897,5.9275411,-73.6141303,0
9957400898,5.9274951,-73.6141437,0
9957400899,5.9274671,-73.6141732,0
9957400900,5.9274644,-73.6142953,0
9957400901,5.9274771,-73.6143825,0
9957400902,5.9275198,-73.6140966,0
9957400903,5.927412,-73.6141656,0
9957400904,5.9274499,-73.6142253,0
9957400905,5.9275577,-73.6141563,0
9995235136,5.9275278,-73.6250582,0
9995270577,5.9276814,-73.6250252,0
10027568817,5.9282354,-73.618315,0
10052890622,5.9504523,-73.6249799,0
10052890623,5.9492458,-73.6222842,0
10052890624,5.9493605,-73.6226611,0
10052890625,5.9505423,-73.6251327,0
10052890626,5.9522484,-73.6270304,0
10052916653,5.9418387,-73.6294658,0
10052916654,5.94177,-73.6293197,0
10052916655,5.9416526,-73.6291621,0
10052916656,5.9410921,-73.6281321,0
10052916657,5.9387621,-73.6251931,0
10052916658,5.9383427,-73.6252213,0
10052916659,5.9383409,-73.6252338,0
10052916660,5.9383746,-73.6251683,0
10052916661,5.9387901,-73.6252025,0
10052916662,5.9388528,-73.6252581,0
10052916663,5.9389438,-73.6253611,0
10052916664,5.9389648,-73.6253715,0
10052916665,5.9388288,-73.6252327,0
10052916666,5.9389848,-73.6253741,0
10052916667,5.9392636,-73.6252863,0
10052916668,5.9392016,-73.6252917,0
10052916669,5.9391462,-73.6253299,0
10052916670,5.9390922,-73.6253587,0
10052916671,5.9392963,-73.6253017,0
10052916672,5.9393496,-73.625342,0
10052916673,5.9397025,-73.6257198,0
10052916674,5.9396344,-73.6255887,0
10052916675,5.9397118,-73.6258033,0
10052916676,5.9397318,-73.6260011,0
10052916677,5.9397258,-73.6259615,0
10052916678,5.9397578,-73.6260916,0
10052916679,5.9408423,-73.6272953,0
10052916680,5.9408096,-73.6272403,0
10052916681,5.9407396,-73.627198,0
10052916682,5.9410724,-73.6280966,0
10052916683,5.9412965,-73.6282971,0
10052916684,5.9416073,-73.6290333,0
10052916685,5.9418811,-73.630127,0
10052916686,5.9418931,-73.6301532,0
10052916687,5.9425413,-73.6306859,0
10052916688,5.9425623,-73.6309042,0
10052916689,5.942447,-73.630522,0
10052916690,5.9425257,-73.6306534,0
10052916691,5.942551,-73.6308197,0
10052916692,5.9438536,-73.6324102,0
10052916693,5.9439143,-73.6324478,0
10052916694,5.944847,-73.6329551,0
10052916695,5.9453215,-73.6337936,0
10052916696,5.9454776,-73.6339062,0
10052916712,5.9469155,-73.6346244,0
10052916713,5.9469735,-73.6347692,0
10052916714,5.9470696,-73.635879,0
10052916715,5.9470949,-73.635986,0
10052916716,5.9471363,-73.6360788,0
10052944717,5.9471129,-73.6360306,0
10052944718,5.9482134,-73.6374132,0
10052944719,5.9495643,-73.6395758,0
10052944720,5.94961,-73.6396214,0
10052944721,5.9496753,-73.6396274,0
10052944722,5.9495873,-73.6396046,0
10052944723,5.9499094,-73.639612,0
10052944724,5.9499394,-73.6396422,0
10052979697,5.9373601,-73.6254479,0
10052979698,5.9373695,-73.6254352,0
10052979699,5.9374325,-73.6254036,0
10052979700,5.9374842,-73.6254033,0
10052979701,5.9375329,-73.6254559,0
10052979702,5.9376929,-73.6257926,0
10052979703,5.9377663,-73.6258194,0
10052979704,5.9384099,-73.6255699,0
10052979705,5.9383792,-73.625643,0
10052998223,5.9377803,-73.6228006,0
10052998224,5.9382652,-73.6220764,0
10052998225,5.9383726,-73.6220127,0
10052998226,5.9380224,-73.6222661,0
10052998227,5.9378844,-73.6224237,0
10052998228,5.9378143,-73.6226141,0
10052998229,5.9377916,-73.6233296,0
10052998230,5.9377423,-73.6232686,0
10052998231,5.937761,-73.6233088,0
10052998232,5.9378757,-73.6233712,0
10052998233,5.9379384,-73.6234168,0
10052998234,5.9380691,-73.6235985,0
10052998235,5.9381545,-73.6237273,0
10052998236,5.9382438,-73.6238801,0
10052998237,5.9386867,-73.6244655,0
10052998238,5.9387,-73.6245145,0
10052998239,5.9386512,-73.6249571,0
10052998240,5.9387087,-73.6248337,0
10052998241,5.9386974,-73.6248887,0
10052998242,5.938668,-73.6249403,0
10052998243,5.9384669,-73.6250746,0
10052998244,5.9384729,-73.625064,0
10052998245,5.9384939,-73.6250476,0
10052998246,5.9365885,-73.6266723,0
10052998247,5.9369886,-73.6269218,0
10052998248,5.9368539,-73.6268105,0
10052998249,5.9364604,-73.626624,0
10052998250,5.935504,-73.6265067,0
10052998251,5.9355814,-73.6264873,0
10052998252,5.9354093,-73.6265557,0
10052998253,5.9360355,-73.6264765,0
10052998254,5.9359015,-73.6258771,0
10052998255,5.9356661,-73.6255951,0
10052998256,5.9357054,-73.6256155,0
10052998257,5.9357294,-73.6256417,0
10052998258,5.935576,-73.6255807,0
10052998259,5.9356881,-73.6256021,0
10052998260,5.9358348,-73.6257738,0
10052998261,5.9359475,-73.6259931,0
10052998262,5.9360149,-73.6262552,0
10052998263,5.9360315,-73.6263692,0
10052998264,5.9358922,-73.6265329,0
10053040523,5.940885,-73.6246285,0
10053040524,5.9406155,-73.6240934,0
10053040525,5.9405248,-73.6240089,0
10053040526,5.9403534,-73.6239311,0
10053040527,5.9401833,-73.623805,0
10053040528,5.939407,-73.6222561,0
10053040529,5.9395898,-73.6225297,0
10053040530,5.9395231,-73.6224103,0
10053040531,5.9394377,-73.6223137,0
10053040532,5.9395577,-73.6224639,0
10053040533,5.9393523,-73.6220375,0
10053040534,5.9393509,-73.621833,0
10053040535,5.9399059,-73.6234228,0
10053040536,5.9399019,-73.6233082,0
10053040537,5.9396351,-73.6234711,0
10053040538,5.9395988,-73.6234433,0
10053040539,5.9395764,-73.6234014,0
10053040540,5.9396671,-73.6234751,0
10053040541,5.9397498,-73.6234778,0
10053040542,5.9395044,-73.6232606,0
10053040543,5.9390015,-73.6223459,0
10053040544,5.9389962,-73.6222225,0
10053040545,5.9390735,-73.6225498,0
10053040546,5.9373995,-73.6267729,0
10053040547,5.9374582,-73.6272021,0
10053040548,5.9366058,-73.6279115,0
10096730150,5.9347847,-73.5891975,0
10096730151,5.9346903,-73.5891858,0
10096730152,5.9348023,-73.589171,0
10096730153,5.9347643,-73.5892039,0
10096730154,5.9345319,-73.5890946,0
10096730155,5.9345015,-73.589103,0
10096730156,5.9344322,-73.5891415,0
10096730157,5.9345556,-73.5890986,0
10096730158,5.9346096,-73.5891221,0
10096730159,5.9344015,-73.5891724,0
10096730160,5.9343682,-73.5892294,0
10096730161,5.9342828,-73.5896069,0
10096730162,5.9342558,-73.5902436,0
10096730163,5.9342128,-73.5901594,0
10096730164,5.9342381,-73.5902157,0
10096730165,5.9342794,-73.5902634,0
10096730166,5.9343915,-73.5902701,0
10096730167,5.9344769,-73.5902385,0
10096730168,5.9348379,-73.5900957,0
10096730169,5.9348587,-73.5901011,0
10096730170,5.9349891,-73.591007,0
10096730171,5.9349871,-73.5902526,0
10096730172,5.9348924,-73.5901245,0
10096730173,5.9349464,-73.5901849,0
10096730174,5.9350064,-73.5902962,0
10096730175,5.9346369,-73.591534,0
10096730176,5.9349104,-73.5911813,0
10096730177,5.9349931,-73.590889,0
10096730178,5.9349704,-73.5910694,0
10096730179,5.9343175,-73.5920759,0
10096730180,5.9343942,-73.5919887,0
10096730181,5.9341847,-73.5922019,0
10096730182,5.9339793,-73.5927826,0
10096730183,5.93396,-73.5925446,0
10096730184,5.9341801,-73.593191,0
10096730185,5.9341554,-73.5931326,0
10096730186,5.9341701,-73.5935068,0
10096730187,5.934059,-73.5941985,0
10096730188,5.9340487,-73.5942484,0
10096730189,5.9340047,-73.5943222,0
10096730190,5.931105,-73.5996974,0
10096730191,5.9314222,-73.5983321,0
10096730192,5.9317263,-73.5971432,0
10096730193,5.9335551,-73.594518,0
10096730194,5.9330522,-73.5947037,0
10096730195,5.9329896,-73.5947514,0
10096730196,5.9328815,-73.5948318,0
10096730197,5.9318808,-73.5956399,0
10096730198,5.9319478,-73.5955419,0
10096730199,5.9320611,-73.5954139,0
10096730200,5.9323266,-73.595202,0
10096730201,5.9318672,-73.595675,0
10096730202,5.9318524,-73.595731,0
10096730203,5.9316898,-73.5962427,0
10096730204,5.9316696,-73.5963215,0
10096730205,5.931677,-73.5962842,0
10096730206,5.9316676,-73.596358,0
10096730207,5.9317303,-73.5971122,0
10096730208,5.931717,-73.5971761,0
10096730209,5.9316109,-73.5974379,0
10096730210,5.9316436,-73.5973464,0
10096730211,5.9314155,-73.5984997,0
10096730212,5.9314374,-73.5991195,0
10096730213,5.9314229,-73.599181,0
10096730214,5.9313875,-73.5992534,0
10096730215,5.9310927,-73.5997463,0
10096730216,5.9310834,-73.5998422,0
10096914417,5.930976,-73.6018364,0
10096914418,5.9309486,-73.6019062,0
10096914419,5.9304631,-73.6028878,0
10096914420,5.9300803,-73.6036241,0
10096914421,5.9300956,-73.6037884,0
10096914422,5.9301189,-73.6038534,0
10096914423,5.9301736,-73.6039191,0
10096920079,5.9225324,-73.5886956,0
10096920082,5.9224441,-73.5880559,0
10096920083,5.9226619,-73.5883255,0
10096920084,5.9226602,-73.5882993,0
10096920085,5.9226516,-73.5882778,0
10096920086,5.9225335,-73.5887201,0
10096920087,5.9225455,-73.5887774,0
10096920088,5.9225769,-73.5889229,0
10096920089,5.9225929,-73.5892864,0
10096920090,5.9225629,-73.5905369,0
10096920091,5.9225929,-73.5905993,0
10096920092,5.9226462,-73.5906811,0
10096920093,5.9229664,-73.5910794,0
10096920094,5.9233719,-73.591532,0
10096920095,5.9233339,-73.5914522,0
10096920096,5.9233599,-73.5915032,0
10096920097,5.9234261,-73.5924063,0
10096920098,5.9234159,-73.5923749,0
10096920099,5.9234386,-73.5924339,0
10096920100,5.9236293,-73.5926753,0
10096920101,5.9237281,-73.5932178,0
10096920102,5.9237574,-73.5933124,0
10096920103,5.9240549,-73.5937656,0
10096920104,5.9253508,-73.5956781,0
10096920105,5.9253701,-73.5957284,0
10096920106,5.9253875,-73.5957974,0
10096920107,5.9255822,-73.5979998,0
10096920108,5.9255726,-73.5979553,0
10096920109,5.9256009,-73.5980384,0
10096920110,5.9258103,-73.5983562,0
10096920111,5.9261011,-73.5988913,0
10096920112,5.9266974,-73.6002257,0
10096920113,5.9268055,-73.6003867,0
10096920114,5.927335,-73.6009033,0
10096920115,5.9273857,-73.6009915,0
10096920116,5.9277836,-73.6017841,0
10096958017,5.9278446,-73.6018807,0
10096958018,5.9283508,-73.6024527,0
10096958019,5.9292305,-73.6030763,0
10096958020,5.9295734,-73.6035269,0
10096958021,5.9295854,-73.6035785,0
10096958022,5.9295854,-73.6036737,0
10096958023,5.9295934,-73.6038789,0
10096958024,5.9346393,-73.5867882,0
10096958025,5.9345716,-73.586694,0
10096958026,5.9348057,-73.5891398,0
10096958027,5.934727,-73.5885226,0
10096958028,5.9346416,-73.588768,0
10096958029,5.9346403,-73.5886943,0
10096958030,5.9346623,-73.5886473,0
10096958031,5.9346583,-73.5888156,0
10096958032,5.9347223,-73.588931,0
10096958033,5.9347076,-73.5885635,0
10096958034,5.9347677,-73.5882685,0
10097049955,5.9238268,-73.6031628,0
10097049956,5.9237601,-73.6035457,0
10097049957,5.9239362,-73.6035175,0
10097049958,5.9239842,-73.603498,0
10097049959,5.9245258,-73.6036315,0
10097049960,5.9244924,-73.6036241,0
10097049961,5.9237234,-73.6022455,0
10097049962,5.9235873,-73.6021113,0
10097049963,5.9239608,-73.6025613,0
10097049964,5.9240402,-73.6026491,0
10097049965,5.9245851,-73.6030478,0
10097049966,5.9245534,-73.603081,0
10097049967,5.9245641,-73.6030786,0
10097049968,5.9245378,-73.6030779,0
10097049969,5.9245804,-73.6030622,0
10097049970,5.9245905,-73.6029891,0
10097049971,5.9246031,-73.6026666,0
10097049972,5.9245378,-73.6023232,0
10097049973,5.9234353,-73.6008427,0
10097049974,5.9237663,-73.6010923,0
10097049975,5.9237591,-73.601071,0
10097049976,5.9237687,-73.6011102,0
10097049977,5.9237571,-73.6013016,0
10097049978,5.9237654,-73.6013255,0
10097049982,5.9237801,-73.6013536,0
10097049983,5.9238565,-73.6014616,0
10097049984,5.9238988,-73.6015119,0
10097049985,5.924367,-73.6019558,0
10097049986,5.9243163,-73.6018927,0
10097049987,5.9247844,-73.601507,0
10097049988,5.9247619,-73.6015166,0
10097049989,5.9245804,-73.6016098,0
10097049990,5.9248372,-73.6015045,0
10097049991,5.9249199,-73.6015655,0
10097049992,5.9248732,-73.6015159,0
10097049993,5.9252468,-73.6024466,0
10097049994,5.9252634,-73.6027162,0
10097049995,5.9252534,-73.6031178,0
10097049996,5.9252701,-73.6032553,0
10097049997,5.9253741,-73.6035912,0
10097049998,5.9254235,-73.6036657,0
10097049999,5.9254955,-73.6037515,0
10097228613,5.9171486,-73.6028397,0
10097228614,5.9177087,-73.6029826,0
10097228615,5.9189425,-73.6031233,0
10097228616,5.9189304,-73.6030668,0
10097246717,5.9208483,-73.6036605,0
10097925168,5.9337272,-73.5854843,0
10097925169,5.9333617,-73.5847923,0
10097925170,5.9334097,-73.5844463,0
10097925171,5.9334044,-73.5845295,0
10097925172,5.9332283,-73.5842103,0
10097925173,5.933175,-73.5840601,0
10097925174,5.9332283,-73.5831696,0
10097925175,5.932588,-73.5824668,0
10100533307,5.9328948,-73.58266,0
10100533308,5.9336125,-73.5853717,0
10100533309,5.933231,-73.5836095,0
10108682723,5.9527317,-73.6127326,0
10108697825,5.955723,-73.6103755,0
10111106658,5.9144909,-73.6021723,0
10111106659,5.9139681,-73.6020406,0
10111106660,5.9129589,-73.6023433,0
10111106661,5.9129626,-73.6022416,0
10111106662,5.9130086,-73.6022046,0
10111106663,5.9110458,-73.6027118,0
10111106664,5.9094322,-73.6020368,0
10111106665,5.9078086,-73.6029625,0
10156614069,5.9273977,-73.6089389,0
10156614070,5.9265187,-73.6061145,0
10156614071,5.9253688,-73.6071405,0
10156614072,5.9252207,-73.6070573,0
10156614073,5.9245338,-73.6066107,0
10156614074,5.9236544,-73.6058483,0
10156614075,5.9238988,-73.6061239,0
10156614076,5.92367,-73.6058909,0
10156614077,5.9230357,-73.6050484,0
10156614078,5.9230918,-73.6050577,0
10156614079,5.923596,-73.6053662,0
10156614080,5.9236227,-73.6054225,0
10156614081,5.923644,-73.6054949,0
10156614082,5.9236997,-73.6059395,0
10156614083,5.9216871,-73.6055808,0
10156614084,5.9217992,-73.6056237,0
10156614085,5.9210695,-73.6045984,0
10156614086,5.9210768,-73.6046742,0
10156614087,5.9210948,-73.6046977,0
10156614088,5.9212923,-73.6047252,0
10156614089,5.9213283,-73.6047412,0
10156614090,5.9243043,-73.6167026,0
10156614091,5.9242883,-73.617011,0
10156614092,5.9240482,-73.6173034,0
10156614093,5.9238895,-73.6173517,0
10156614102,5.9212916,-73.615682,0
10156614103,5.9209034,-73.6158825,0
10156614104,5.9208534,-73.6159475,0
10156614105,5.9207674,-73.6162573,0
10156749147,5.9341287,-73.6126921,0
10156749148,5.9333737,-73.6097536,0
10156749149,5.9334037,-73.6098006,0
10156749150,5.9297114,-73.6147406,0
10157033845,5.9341821,-73.6188953,0
10157033846,5.9339253,-73.6193016,0
10157033847,5.9339326,-73.6195229,0
10157033848,5.9277912,-73.6190817,0
10157033849,5.9317927,-73.6133461,0
10157033855,5.9246918,-73.6166952,0
10157033856,5.9253608,-73.6163244,0
10157033857,5.9252794,-73.6164826,0
10157033858,5.9247045,-73.6167294,0
10157033859,5.9250353,-73.6168112,0
10157033860,5.9273784,-73.6169621,0
10157033861,5.9275805,-73.6168232,0
10157033862,5.927307,-73.6171089,0
10157033863,5.9254315,-73.6189932,0
10157033864,5.9253501,-73.6189301,0
10157033865,5.9252608,-73.6188269,0
10157033866,5.9250713,-73.6186002,0
10157033867,5.9263479,-73.6214031,0
10157033868,5.9264746,-73.6213052,0
10157033869,5.9277405,-73.6169359,0
10172778238,5.9322411,-73.6225031,0
10172778239,5.9321859,-73.622411,0
10172778240,5.9321472,-73.6223499,0
10172778241,5.9320985,-73.6222842,0
10172778242,5.9320358,-73.6221837,0
10172778243,5.9320151,-73.6221139,0
10172778244,5.9320131,-73.6220502,0
10172778245,5.9320391,-73.6219872,0
10172778246,5.9320725,-73.6219429,0
10172778247,5.9319064,-73.6220589,0
10172778248,5.9323955,-73.6215055,0
10172778249,5.9323112,-73.6216067,0
10172778250,5.9321536,-73.6218398,0
10172778251,5.9336267,-73.6165136,0
10172778252,5.9262051,-73.6207396,0
10172778253,5.9339553,-73.6080162,0
10172797627,5.9314862,-73.60211,0
10172797628,5.9307952,-73.6027229,0
10172797629,5.9307366,-73.6027551,0
10172797630,5.9306619,-73.6027926,0
10172851319,5.9533102,-73.6043564,0
10175530256,5.9548121,-73.603618,0
10175532788,5.9544571,-73.6036922,0
10175532791,5.9541443,-73.6037801,0
10177452356,5.9298174,-73.6206745,0
10177452357,5.9298418,-73.6206204,0
10177452358,5.9296371,-73.6205821,0
10177452359,5.9296089,-73.6206342,0
10177468855,5.9298054,-73.6206426,0
10177473124,5.9298918,-73.6205464,0
10177473125,5.9298986,-73.620484,0
10177473126,5.9297035,-73.6204652,0
10177473127,5.929696,-73.6205332,0
10177473428,5.9298585,-73.6205145,0
10177476364,5.9287674,-73.6220377,0
10177476365,5.9287621,-73.6220088,0
10177476366,5.9287248,-73.622031,0
10177476367,5.928623,-73.6221513,0
10177476368,5.9284212,-73.6224377,0
10177476369,5.9281949,-73.622802,0
10177476370,5.9281346,-73.6229182,0
10177476371,5.9281189,-73.6230358,0
10177476372,5.9281456,-73.6231761,0
10177476373,5.9281761,-73.6233604,0
10177476374,5.9282238,-73.6233702,0
10177476375,5.9282201,-73.6233108,0
10177476376,5.9281959,-73.6232093,0
10177476377,5.9281791,-73.6229356,0
10177476378,5.9282396,-73.6229317,0
10177476379,5.9283197,-73.6227322,0
10177476380,5.9284559,-73.6224523,0
10177476381,5.9286394,-73.6221855,0
10177476382,5.9287316,-73.6220774,0
10181918721,5.9539984,-73.6038447,0
10181918722,5.9537877,-73.6040331,0
10184954741,5.9277152,-73.6244836,0
10184954742,5.9245244,-73.6232109,0
10184954743,5.9244671,-73.6232284,0
10184954744,5.924435,-73.6232887,0
10185002666,5.9269963,-73.6267342,0
10185002670,5.927162,-73.6259582,0
10185002671,5.9271466,-73.6259568,0
10185002672,5.9266494,-73.6257979,0
10185002673,5.9266694,-73.6257188,0
10185002674,5.9259291,-73.6251059,0
10185002675,5.9257967,-73.624829,0
10185002676,5.9257707,-73.6248297,0
10185002677,5.9255162,-73.6250369,0
10185002678,5.9254675,-73.6250382,0
10185081909,5.9296767,-73.6272403,0
10185081912,5.9297424,-73.6271937,0
10185081913,5.9296894,-73.6272343,0
10185081914,5.9298545,-73.6271557,0
10185081915,5.9277832,-73.6258965,0
10185081916,5.9277726,-73.6259387,0
10185093117,5.9335765,-73.6236186,0
10185093118,5.9334804,-73.623565,0
10185093119,5.9330896,-73.6221521,0
10185093120,5.9330836,-73.6221837,0
10185093121,5.9324126,-73.6215071,0
10185093122,5.9323693,-73.6215218,0
10185128009,5.9346029,-73.6290266,0
10185128010,5.9337592,-73.6300774,0
10185128011,5.9273892,-73.6256875,0
10185131719,5.9345676,-73.6270532,0
10185131720,5.9335685,-73.6296952,0
10185132734,5.9311981,-73.6243925,0
10185132735,5.9311101,-73.6244193,0
10185169496,5.9293206,-73.6260568,0
10185169497,5.9293206,-73.6260259,0
10185169504,5.9280215,-73.6228462,0
10185169505,5.9293226,-73.6260454,0
10185169506,5.9273081,-73.6257882,0
10185169507,5.9240232,-73.6242939,0
10185169508,5.9240219,-73.6242697,0
10185169509,5.9246582,-73.624765,0
10185204616,5.9259351,-73.6246193,0
10185226917,5.9258934,-73.6246798,0
10185226918,5.92586,-73.624722,0
10185226919,5.9258123,-73.6247834,0
10185226928,5.9271198,-73.62564,0
10185226929,5.9271089,-73.6256409,0
10185243896,5.9277071,-73.6245857,0
10185243897,5.9275264,-73.6247606,0
10185243898,5.9264093,-73.6227294,0
10185243899,5.9262572,-73.6226557,0
10185243900,5.9260224,-73.622425,0
10185342799,5.9387934,-73.6166684,0
10185342800,5.9388721,-73.6166764,0
10185342801,5.9390469,-73.6172484,0
10185342802,5.9390649,-73.6172135,0
10185342803,5.9370216,-73.6174154,0
10185342804,5.937036,-73.6173805,0
10185342805,5.938614,-73.617935,0
10185342806,5.9385567,-73.6181547,0
10185342807,5.9380728,-73.6191246,0
10185342808,5.9380474,-73.6191313,0
10185342809,5.9386627,-73.6180276,0
10185342810,5.9385453,-73.6188363,0
10185342811,5.9386654,-73.6191742,0
10185342812,5.938618,-73.6196047,0
10185342813,5.9389575,-73.6200325,0
10185342814,5.9389775,-73.6200721,0
10185342815,5.9388708,-73.6206226,0
10185342816,5.9389148,-73.6209834,0
10185432117,5.9389708,-73.6210451,0
10185432118,5.9389708,-73.6211135,0
10185432119,5.9389822,-73.6218363,0
10185440241,5.940094,-73.615059,0
10185440242,5.9400906,-73.6151174,0
10185440243,5.939483,-73.6154607,0
10185440244,5.9391322,-73.6146232,0
10185440245,5.9392623,-73.6154359,0
10185440246,5.9367412,-73.6187987,0
10185440247,5.9367792,-73.6187933,0
10185440248,5.9371674,-73.6194739,0
10185440249,5.937154,-73.6195135,0
10185501865,5.9426764,-73.617176,0
10185503638,5.9417128,-73.6136274,0
10185503639,5.941735,-73.6136329,0
10185557583,5.935584,-73.6084045,0
10185557584,5.9360025,-73.6087357,0
10185557585,5.9359925,-73.6087589,0
10185557586,5.936262,-73.6108948,0
10185557587,5.9374108,-73.613219,0
10185557588,5.9374285,-73.6132331,0
10185559833,5.9380602,-73.6112493,0
10185559834,5.9374582,-73.6111678,0
10185559835,5.9374422,-73.6111557,0
10185559836,5.9374262,-73.6111249,0
10185559837,5.9374724,-73.6108635,0
10185559838,5.9381358,-73.6114575,0
10185559839,5.9380584,-73.6112215,0
10185559840,5.9380664,-73.6113448,0
10185559841,5.9379517,-73.6110002,0
10185559842,5.9372828,-73.6064534,0
10185559843,5.9368959,-73.6080477,0
10185559844,5.9367978,-73.6043792,0
10185559845,5.9371865,-73.6052986,0
10185559846,5.93563,-73.6067905,0
10185559847,5.9356234,-73.606832,0
10185559848,5.9361149,-73.6064746,0
10185559849,5.9353879,-73.6054842,0
10185559850,5.9353866,-73.6054654,0
10185559851,5.9353959,-73.6054413,0
10185559852,5.9354953,-73.6054007,0
10185559853,5.9355137,-73.6053994,0
10185559854,5.935529,-73.6054054,0
10185559855,5.9357298,-73.6058674,0
10185608755,5.9394257,-73.61039,0
10185608756,5.9394197,-73.6104081,0
10185608758,5.9378463,-73.6137843,0
10185608759,5.9378137,-73.6137763,0
10185608760,5.9388721,-73.6094633,0
10185608761,5.9388454,-73.6094559,0
10185608762,5.9387314,-73.6118665,0
10185608763,5.938712,-73.6118243,0
10185608764,5.9391704,-73.6113489,0
10185608765,5.9408971,-73.6109537,0
10185608766,5.9408855,-73.6109405,0
10185659483,5.9404968,-73.6158121,0
10185732395,5.9414666,-73.6139104,0
10185732396,5.9415413,-73.6139426,0
10185732397,5.9404354,-73.6216097,0
10185732398,5.9410664,-73.6222346,0
10185732399,5.9410384,-73.622252,0
10185732400,5.9411744,-73.621733,0
10185732401,5.9412425,-73.6217827,0
10185732402,5.9412438,-73.6218336,0
10185732403,5.9410944,-73.6217089,0
10185732404,5.941029,-73.6216258,0
10185732405,5.9409583,-73.6213937,0
10185732406,5.9406929,-73.6203852,0
10185732407,5.9406675,-73.6203678,0
10185732408,5.9404341,-73.6204053,0
10185732409,5.9382723,-73.6102985,0
10185732410,5.9378563,-73.6096179,0
10185732411,5.9402727,-73.6209619,0
10185732412,5.9404781,-73.6217009,0
10185732413,5.9410024,-73.622236,0
10185732414,5.9412118,-73.6219127,0
10185732415,5.9406302,-73.6203678,0
10185732416,5.9401513,-73.620408,0
10185745215,5.9397092,-73.6139679,0
10185748217,5.9396604,-73.6203182,0
10185748218,5.9393376,-73.6201894,0
10185748219,5.9391029,-73.6200956,0
10209481755,5.9303115,-73.6239316,0
10209481756,5.9305298,-73.6241658,0
10209481757,5.930441,-73.6241805,0
10664121738,5.9312422,-73.6172801,0
10664132955,5.9345989,-73.6151632,0
10664132956,5.9346783,-73.6152737,0
10664930087,5.9297295,-73.6187067,0
10664930088,5.92948,-73.6184791,0
10664930089,5.9295492,-73.6183758,0
10664930090,5.9298489,-73.6185697,0
10664942426,5.928817,-73.6220224,0
10664942427,5.9287717,-73.6219693,0
10664942428,5.9288043,-73.6219831,0
10670024492,5.9312905,-73.6172634,0
10670035325,5.9309437,-73.6158513,0
10670044526,5.9309183,-73.6158097,0
10670096740,5.93138,-73.6171498,0
10670122321,5.931412,-73.6168185,0
10670168906,5.9314541,-73.6168198,0
10670168907,5.931328,-73.6169761,0
10670168908,5.9312526,-73.616913,0
10670168909,5.9310626,-73.6171068,0
10670168910,5.9308084,-73.6168078,0
10670168911,5.9309952,-73.6166401,0
10670168912,5.9313007,-73.6169224,0
10670168913,5.9314121,-73.616793,0
10687219150,5.9300926,-73.6200552,0
10687231951,5.9300872,-73.6200371,0
10687235238,5.9300852,-73.6200794,0
10687237924,5.9299494,-73.6197806,0
10687238240,5.9300892,-73.620011,0
10741877314,5.9314519,-73.6157219,0
10741879051,5.9414598,-73.6131445,0
10741879052,5.9413939,-73.6131886,0
10741893409,5.9449752,-73.6123098,0
10776650341,5.9314288,-73.6166064,0
10776650342,5.9314554,-73.6166304,0
10776668600,5.9314928,-73.6166507,0
10776690656,5.9315248,-73.6166627,0
10776702488,5.9316969,-73.6168035,0
10776704574,5.9312834,-73.6164562,0
10776705332,5.9315328,-73.6166882,0
10776711150,5.9313914,-73.6165608,0
10776715254,5.9313181,-73.6164924,0
10776717225,5.9313567,-73.616534,0
10776718818,5.9315649,-73.6167163,0
10776723053,5.9316382,-73.6167848,0
10776723115,5.9315942,-73.6167432,0
10833015872,5.9422503,-73.612808,0
10833031023,5.9323413,-73.6173528,0
10833031024,5.9401794,-73.6133938,0
10833041532,5.9320878,-73.617385,0
10853339683,5.9313878,-73.6167914,0
10853379233,5.9312398,-73.6166438,0
10853380049,5.9314772,-73.6168423,0
10853383414,5.9312731,-73.616668,0
10853385874,5.9315239,-73.6168799,0
10853386542,5.9315759,-73.6169148,0
10853387514,5.9312958,-73.6166868,0
10853388580,5.9312038,-73.616609,0
10853389323,5.9311571,-73.6165822,0
10853389852,5.9313665,-73.6167699,0
10853401872,5.9313131,-73.6175773,0
10853403931,5.9315092,-73.6168665,0
10924129771,5.9322555,-73.6174905,0
10924163676,5.9401249,-73.6134203,0
10924175112,5.9404691,-73.6134364,0
10924175113,5.9404184,-73.6133076,0
10924175114,5.9400022,-73.6133666,0
10924175115,5.9400315,-73.6135195,0
10924988894,5.9313994,-73.6162931,0
10925020902,5.9313327,-73.6163937,0
10925028295,5.9312354,-73.6162301,0
10925037318,5.9313728,-73.61634,0
10927686207,5.9323984,-73.6173722,0
10929036189,5.9310498,-73.6175437,0
10929036600,5.9310711,-73.6175222,0
10929041639,5.9310938,-73.6174994,0
10929051852,5.931506,-73.6173868,0
10929052886,5.9315124,-73.6171474,0
10929052887,5.9317714,-73.6174216,0
10929066573,5.9315847,-73.6172835,0
10929070605,5.9315407,-73.6173318,0
10929070682,5.9318863,-73.6169931,0
10929077832,5.9311906,-73.6161597,0
10929085004,5.9312088,-73.6161978,0
10929092975,5.9318341,-73.6169485,0
10932003799,5.9313082,-73.6183945,0
10932019298,5.9307706,-73.6188827,0
10932029881,5.930944,-73.6187137,0
10932029989,5.9312548,-73.6184375,0
10932037967,5.9311694,-73.6185032,0
10932046097,5.9316937,-73.6180445,0
10932046966,5.9313669,-73.6183503,0
10932047694,5.931028,-73.6186319,0
10932055765,5.9318564,-73.6178809,0
10932055768,5.933018,-73.6168081,0
10932057731,5.9314042,-73.618298,0
10932057753,5.9320758,-73.6176932,0
10932063484,5.9315843,-73.6181706,0
10932063485,5.9313815,-73.617956,0
10932063486,5.9312521,-73.6180901,0
10932063487,5.9314442,-73.6182926,0
10932063488,5.9317884,-73.6179118,0
10932070859,5.9325961,-73.6171943,0
10932072971,5.9353486,-73.6145737,0
10932073031,5.9319158,-73.6178232,0
10932080769,5.9321532,-73.6176113,0
10932091211,5.9322052,-73.6175725,0
10932093106,5.9319678,-73.6177857,0
10932093107,5.9320238,-73.6177455,0
10932106156,5.9326401,-73.6171513,0
10932128170,5.933155,-73.6166699,0
10932128182,5.9327405,-73.6170334,0
10932129182,5.9324313,-73.6173475,0
10932156206,5.9325507,-73.6172224,0
10932156283,5.933114,-73.6167088,0
10932158618,5.93249,-73.6172936,0
10932164881,5.9330927,-73.6167397,0
10932164882,5.9342075,-73.6156784,0
10932171755,5.9295304,-73.61883,0
10932172732,5.9329433,-73.6168765,0
10932189138,5.9327832,-73.6169918,0
10932189139,5.9328379,-73.6169503,0
10932199271,5.9332971,-73.6164965,0
10932199666,5.9328952,-73.6169087,0
10932201514,5.9330473,-73.616784,0
10932203404,5.9329739,-73.6168483,0
10932214019,5.9292156,-73.6184364,0
10932214663,5.9330843,-73.6167593,0
10932242663,5.9292376,-73.6185859,0
10945617614,5.8887217,-73.6456584,0
10945617627,5.8942009,-73.63666,0
10945617647,5.90009,-73.6377642,0
10945617651,5.9023941,-73.6364078,0
10945617663,5.9182209,-73.6273419,0
10945617664,5.9179136,-73.6276268,0
10945617667,5.92573,-73.6221288,0
11350030455,5.9171827,-73.6292373,0
11689076600,5.9487825,-73.6066571,0
11734138935,5.9320719,-73.6166471,0
11734139920,5.9321466,-73.6162152,0
11734144485,5.9322133,-73.6161026,0
11734153656,5.9317198,-73.6167664,0
11734161001,5.932192,-73.6161495,0
11734167159,5.9320586,-73.6166659,0
11734175145,5.9317504,-73.6167222,0
11734184222,5.9317825,-73.6166766,0
11734188408,5.9320559,-73.616694,0
11734192669,5.9319812,-73.6164043,0
11734192670,5.9320399,-73.616344,0
11734200208,5.9320279,-73.6167128,0
11739160949,5.9313951,-73.6187992,0
11775429895,5.9299309,-73.6192295,0
11775544370,5.9392643,-73.6093939,0
11775544371,5.9392256,-73.6092879,0
11775544372,5.9390135,-73.609355,0
11775544373,5.9390496,-73.609473,0
11775570756,5.9374046,-73.6111732,0
11775570757,5.9371178,-73.6110967,0
11775570758,5.9370071,-73.6116251,0
11775570759,5.9373232,-73.6116989,0
11775626734,5.9390359,-73.6092326,0
11775630920,5.9377881,-73.6096418,0
11775638252,5.9375152,-73.6099235,0
11775638504,5.9376478,-73.6097959,0
11775638505,5.9373525,-73.6091696,0
11775639760,5.9375671,-73.6096132,0
11775642827,5.937566,-73.6097597,0
11775645840,5.9372565,-73.6098951,0
11775647360,5.931528,-73.6241148,0
11775647361,5.9312105,-73.6236669,0
11775647362,5.9308397,-73.6238761,0
11775647363,5.9311305,-73.6243616,0
11775647397,5.9372818,-73.6099568,0
11775654356,5.9373966,-73.6098938,0
11808518214,5.9327409,-73.6173982,0
11816542984,5.9318237,-73.6166161,0
11816548433,5.931803,-73.6166563,0
11816552379,5.9318437,-73.6165792,0
11824727798,5.92911,-73.6182132,0
11824736267,5.9292304,-73.6179765,0
11824748938,5.9291917,-73.6180476,0
11824769699,5.929128,-73.618169,0
11824770882,5.9294318,-73.6180785,0
11824778992,5.9294478,-73.6180282,0
11824785560,5.9294031,-73.6181375,0
11824809904,5.9300034,-73.616911,0
11824811077,5.9293921,-73.6177734,0
11824819819,5.9296109,-73.6178552,0
11824832459,5.9300968,-73.6167233,0
11824832818,5.929806,-73.6165462,0
11824832819,5.9299474,-73.6168239,0
11824835710,5.9297606,-73.6165918,0
11824835878,5.929978,-73.6168735,0
11824835879,5.9300247,-73.6169472,0
11824842090,5.9300581,-73.6166281,0
11824842166,5.9300434,-73.6169928,0
11824845692,5.9300754,-73.6166777,0
11824852771,5.9300634,-73.6170492,0
11824866562,5.9300834,-73.6170921,0
11872192839,5.9280525,-73.6181303,0
11872215682,5.9286421,-73.6178326,0
11872223664,5.9282339,-73.6178916,0
11872223826,5.9295924,-73.6180684,0
11872223849,5.9300179,-73.6182578,0
11872231035,5.9289766,-73.6177906,0
11872237226,5.9288475,-73.6177312,0
11872237227,5.9289315,-73.617775,0
11872237234,5.9298692,-73.618156,0
11872238670,5.9288973,-73.6177547,0
11872239490,5.9287728,-73.6177092,0
11872239492,5.9290749,-73.6178479,0
11872239493,5.9295348,-73.6180529,0
11872241773,5.9286794,-73.6177843,0
11872241775,5.9296334,-73.6180774,0
11872246692,5.9285967,-73.6178997,0
11872246693,5.92853,-73.6179587,0
11872248722,5.929115,-73.6178876,0
11872248743,5.9300473,-73.6182913,0
11872253831,5.9299743,-73.6182333,0
11872253832,5.9297424,-73.6181058,0
11872256121,5.929941,-73.6182011,0
11872256122,5.9298,-73.6181328,0
11872262547,5.9298526,-73.6181444,0
11872262575,5.9296821,-73.6180877,0
11872275070,5.9299089,-73.6181792,0
11889096462,5.9303425,-73.6176836,0
11889108937,5.9303638,-73.6177547,0
11889130884,5.9303738,-73.6173275,0
11889140041,5.9304805,-73.6175515,0
11889143341,5.9303492,-73.6177104,0
11889154425,5.9303171,-73.6176286,0
11889171057,5.9304472,-73.6175059,0
11895973830,5.9292087,-73.6177684,0
11896001417,5.9304039,-73.6173943,0
11896005638,5.930456,-73.6179803,0
11896006433,5.9290967,-73.6176772,0
11896007395,5.9291434,-73.6177336,0
11896008576,5.9302972,-73.6175699,0
11896015490,5.9302359,-73.6174305,0
11896030492,5.9291714,-73.6177523,0
11896032458,5.9290553,-73.6176464,0
11896032651,5.9302799,-73.6175351,0
11907016037,5.9367164,-73.6140262,0
11952783236,5.9302131,-73.6194116,0
11952783237,5.930013,-73.6192117,0
11952783238,5.9299863,-73.6192426,0
11952783239,5.9300691,-73.6193727,0
11952783240,5.9301798,-73.6194424,0
11958691241,5.9303892,-73.6160091,0
11958695312,5.9303212,-73.6160453,0
11958706763,5.9304759,-73.6159582,0
11958713369,5.9304306,-73.6159796,0
11962956724,5.9340113,-73.6159138,0
11962982219,5.9339953,-73.6159393,0
11962995381,5.9341233,-73.616174,0
11963000801,5.934026,-73.6162799,0
11964631209,5.9339573,-73.6159668,0
12075833869,5.9379645,-73.6106063,0
12075833870,5.9380378,-73.6103,0
12075833871,5.9386601,-73.6104671,0
12075833872,5.9388442,-73.6108073,0
12076133240,5.9452645,-73.6122554,0
12076145887,5.9257794,-73.6139423,0
12076145888,5.9258218,-73.6138997,0
12076145889,5.9263299,-73.6144958,0
12076145890,5.9263672,-73.6144582,0
12076147398,5.9300296,-73.6194237,0
12076147399,5.9300362,-73.6194773,0
12084331354,5.9379294,-73.6105776,0
12084331355,5.9379051,-73.6105415,0
12084331356,5.9378939,-73.6104976,0
12084331357,5.9378963,-73.610442,0
12084331358,5.9379109,-73.6103909,0
12084331359,5.9379265,-73.6103375,0
12084331360,5.9379768,-73.610308,0
12117067493,5.9351694,-73.6147529,0
12117108187,5.9352468,-73.6146805,0
12117121440,5.935004,-73.6149568,0
12117121441,5.9349239,-73.6150453,0
12117122222,5.9351027,-73.6148468,0
12117136957,5.9349053,-73.6150829,0
12117144369,5.9349506,-73.6149943,0
12117144384,5.9348599,-73.6151204,0
12162576013,5.9480063,-73.6166964,0
12171025555,5.9306283,-73.6181104,0
12171050871,5.9304944,-73.617938,0
12171061149,5.9311988,-73.6176936,0
12171061340,5.9312414,-73.6174798,0
12171072435,5.9306694,-73.6179644,0
12171077476,5.9313702,-73.6175147,0
12171080982,5.930514,-73.6180903,0
12171080983,5.9313435,-73.6173725,0
12171084031,5.9316348,-73.6168639,0
12173326673,5.931066,-73.6156506,0
12173438375,5.9310988,-73.6164745,0
12173462861,5.9312371,-73.6165186,0
12173467222,5.9312278,-73.6163508,0
12173467223,5.9312551,-73.6163218,0
12173472706,5.9305873,-73.6166469,0
12175354685,5.9306838,-73.6156677,0
12175370822,5.9319753,-73.6159008,0
12176871711,5.9320962,-73.6159726,0
12176872012,5.9320701,-73.6157258,0
12180811907,5.932278,-73.6175305,0
12182623245,5.9318517,-73.6158018,0
12182629027,5.9320198,-73.6156703,0
12182629028,5.9313725,-73.6160597,0
12182630016,5.9317876,-73.615901,0
12182636773,5.9318864,-73.6157508,0
12182642845,5.9313472,-73.6160892,0
12182642916,5.9305308,-73.616576,0
12182645291,5.931825,-73.6158554,0
12182645698,5.9313942,-73.6160208,0
12182650445,5.9406892,-73.6126117,0
12182651655,5.9304881,-73.6165117,0
12182654757,5.9308149,-73.6179815,0
12182654810,5.9306642,-73.6167638,0
12182656091,5.9304588,-73.6164701,0
12189928136,5.9311174,-73.6166203,0
12189933904,5.9311521,-73.6163045,0
12189950384,5.9311327,-73.6166599,0
12189950385,5.9312068,-73.6165794,0
12189950386,5.9311607,-73.6165318,0
12189950387,5.931084,-73.616615,0
12258617441,5.9299606,-73.6173264,0
12258694753,5.9299873,-73.6173103,0
12258726564,5.9300006,-73.6172875,0
12258728091,5.9298659,-73.6174109,0
12258728092,5.9303274,-73.6170313,0
12258729673,5.9300633,-73.6172244,0
12258735880,5.9300446,-73.6172513,0
12258746801,5.9299366,-73.6173451,0
12258750575,5.9298992,-73.6173813,0
12258763065,5.930282,-73.6170648,0
12263889502,5.931505,-73.6166586,0
12316536148,5.9323661,-73.6160142,0
12321117773,5.9399015,-73.6131099,0
12321117774,5.9399175,-73.6126593,0
12321117775,5.9404137,-73.6127827,0
12321117776,5.9404244,-73.6130348,0
12355550749,5.9347252,-73.6196216,0
12355550750,5.9347839,-73.6195787,0
12355550751,5.9348533,-73.6195384,0
12355550752,5.9348693,-73.6195036,0
12355550753,5.934904,-73.6194446,0
12355550754,5.9349547,-73.6194124,0
12355550755,5.934984,-73.6194204,0
12355550756,5.935032,-73.6193882,0
12355550757,5.9351121,-73.6193534,0
12355550758,5.9351574,-73.6193051,0
12355550759,5.9351948,-73.6192568,0
12355550760,5.9352321,-73.6192058,0
12355550761,5.9352108,-73.619179,0
12355550762,5.9352722,-73.6190932,0
12355550763,5.9353575,-73.6190288,0
12355550764,5.9354616,-73.618951,0
12355550765,5.9354402,-73.6188867,0
12355550766,5.9354722,-73.6188437,0
12355550767,5.9355523,-73.6189269,0
12355550768,5.9356003,-73.6189913,0
12355550769,5.935627,-73.619069,0
12355550770,5.9356857,-73.6191549,0
12355550771,5.9357123,-73.6192944,0
12355550772,5.9357737,-73.6193829,0
12355550773,5.9358697,-73.6195304,0
12355550774,5.9359551,-73.6196725,0
12355550775,5.9360005,-73.619635,0
12355550776,5.9360645,-73.6196591,0
12355550777,5.9360352,-73.6197557,0
12355550778,5.9359951,-73.6197986,0
12355550779,5.9360271,-73.6198281,0
12355550780,5.9360592,-73.6199005,0
12355550781,5.9361285,-73.6199488,0
12355550782,5.9361872,-73.6199998,0
12355550783,5.9362512,-73.6200212,0
12355550784,5.9362432,-73.6200963,0
12355550785,5.9362432,-73.6201634,0
12355550786,5.9363339,-73.620268,0
12355550787,5.93635,-73.6203699,0
12355550788,5.9363793,-73.6204772,0
12355550789,5.936414,-73.6205201,0
12355550790,5.9364327,-73.620606,0
12355550791,5.9364887,-73.6206757,0
12355550792,5.9364887,-73.6207508,0
12355550793,5.936446,-73.620791,0
12355550794,5.9363473,-73.6208634,0
12355550795,5.9362753,-73.6209385,0
12355550796,5.9361952,-73.6209922,0
12355550797,5.9360885,-73.621019,0
12355550798,5.9360191,-73.6210673,0
12355550799,5.9359951,-73.6211478,0
12355550800,5.9360191,-73.6212255,0
12355552801,5.9360432,-73.6213141,0
12355552802,5.9360405,-73.621416,0
12355552803,5.9359524,-73.6213677,0
12355552804,5.9358884,-73.621365,0
12355552805,5.9358404,-73.6213918,0
12355552806,5.935755,-73.621424,0
12355552807,5.9357097,-73.6215152,0
12355552808,5.935627,-73.621585,0
12355552809,5.935659,-73.6216306,0
12355552810,5.9357123,-73.6216762,0
12355552811,5.9356857,-73.6217486,0
12355552812,5.9356136,-73.6216922,0
12355552813,5.9355443,-73.6216547,0
12355552814,5.9355176,-73.621585,0
12355552815,5.935587,-73.6215394,0
12355552816,5.9355389,-73.6215072,0
12355552817,5.9354802,-73.6214562,0
12355552818,5.9354189,-73.6214643,0
12355552819,5.9353415,-73.6214964,0
12355552820,5.9352535,-73.6214348,0
12355552821,5.9352535,-73.6213543,0
12355552822,5.9353228,-73.6213704,0
12355552823,5.9353655,-73.6214053,0
12355552824,5.9354189,-73.6214026,0
12355552825,5.9353842,-73.6213436,0
12355552826,5.9353122,-73.6212631,0
12355552827,5.9352348,-73.6212255,0
12355552828,5.9351948,-73.6211692,0
12355552829,5.9351228,-73.6211209,0
12355552830,5.9350774,-73.6210458,0
12355552831,5.9350881,-73.6209573,0
12355552832,5.935032,-73.6208822,0
12355552833,5.9350134,-73.6207964,0
12355552834,5.9349547,-73.6208018,0
12355552835,5.9349493,-73.6209064,0
12355552836,5.9348907,-73.620909,0
12355552837,5.9348613,-73.6208474,0
12355552838,5.9347946,-73.6209064,0
12355552839,5.9347759,-73.6208447,0
12355552840,5.9347759,-73.6207937,0
12355552841,5.9347466,-73.6207508,0
12355552842,5.9347999,-73.6207025,0
12355552843,5.9347733,-73.6206784,0
12355552844,5.9347759,-73.6206113,0
12355552845,5.9347039,-73.6205952,0
12355552846,5.9346345,-73.6206408,0
12355552847,5.9346265,-73.6206945,0
12355552848,5.9346959,-73.6206998,0
12355552849,5.9346239,-73.6207535,0
12355552850,5.9346419,-73.6207964,0
12355552851,5.9346285,-73.6208433,0
12355552852,5.9345965,-73.6207924,0
12355552853,5.9345685,-73.6207642,0
12355552854,5.9345031,-73.6207655,0
12355552855,5.9344711,-73.620791,0
12355552856,5.9344391,-73.6207857,0
12355552857,5.9344405,-73.6207173,0
12355552858,5.9344698,-73.6206891,0
12355552859,5.9345418,-73.6206663,0
12355552860,5.9345819,-73.6206194,0
12355552861,5.9346325,-73.6205845,0
12355552862,5.9346405,-73.6205483,0
12355552863,5.9347086,-73.6205188,0
12355552864,5.9347393,-73.6204638,0
12355552865,5.9347539,-73.6204048,0
12355552866,5.9346939,-73.6203592,0
12355552867,5.9346272,-73.6202774,0
12355552868,5.9345725,-73.620264,0
12355552869,5.9345565,-73.6202157,0
12355552870,5.9345418,-73.6201781,0
12355552871,5.9345031,-73.6201285,0
12355552872,5.9344991,-73.6200695,0
12355552873,5.9345245,-73.6200454,0
12355552874,5.9345458,-73.6199864,0
12355552875,5.9345832,-73.619973,0
12355552876,5.9346299,-73.6199649,0
12355552877,5.9346659,-73.6199394,0
12355552878,5.9347272,-73.6199837,0
12355552879,5.9347166,-73.6200159,0
12355552880,5.9347579,-73.6200051,0
12355552881,5.9347806,-73.6200293,0
12355552882,5.9347499,-73.6200655,0
12355552883,5.9346832,-73.6201071,0
12355552884,5.9346899,-73.6201325,0
12355552885,5.9347433,-73.6201339,0
12355552886,5.93483,-73.6201325,0
12355552887,5.9348326,-73.6202197,0
12355552888,5.9348753,-73.6202667,0
12355552889,5.9348366,-73.6203042,0
12355552890,5.9348593,-73.6203646,0
12355552891,5.9349407,-73.6203525,0
12355552892,5.935014,-73.6203377,0
12355552893,5.9350434,-73.620378,0
12355552894,5.9350741,-73.6204169,0
12355552895,5.9350834,-73.6204665,0
12355552896,5.9351127,-73.6204048,0
12355552897,5.9351741,-73.6204061,0
12355552898,5.9351461,-73.6203686,0
12355552899,5.9351421,-73.6203283,0
12355552900,5.9351861,-73.6202921,0
12355552901,5.9352395,-73.6202747,0
12355552902,5.9352475,-73.6202291,0
12355552903,5.9352181,-73.6201875,0
12355552904,5.9352235,-73.620154,0
12355552905,5.9351995,-73.6201151,0
12355552906,5.9350901,-73.6201634,0
12355552907,5.9350794,-73.6201097,0
12355552908,5.9351127,-73.6201071,0
12355552909,5.9351061,-73.6200816,0
12355552910,5.9350807,-73.6200534,0
12355552911,5.9350701,-73.6200051,0
12355552912,5.9350541,-73.6199609,0
12355552913,5.9349914,-73.6199408,0
12355552914,5.9350074,-73.6198952,0
12355552915,5.93495,-73.619922,0
12355552916,5.9349087,-73.6199153,0
12355552917,5.934902,-73.6198751,0
12355552918,5.934878,-73.6199153,0
12355552919,5.934846,-73.6199193,0
12355552920,5.9347939,-73.6199046,0
12355552921,5.9347673,-73.6199046,0
12355552922,5.9347379,-73.619871,0
12355552923,5.9347072,-73.6198093,0
12355552924,5.9346952,-73.619757,0
12355552925,5.9347179,-73.6197128,0
12355552926,5.9347019,-73.6196699,0
12358142337,5.9395084,-73.6105489,0
12358142338,5.9394496,-73.6104446,0
12358142339,5.9394027,-73.6104713,0
12358142340,5.9394615,-73.6105756,0
12358143400,5.9278785,-73.6144233,0
12358148870,5.9352064,-73.6159772,0
12358148871,5.9353068,-73.6160819,0
12358148872,5.9353513,-73.6160414,0
12358148873,5.9352496,-73.6159367,0
12358154837,5.939308,-73.6105312,0
12358154838,5.9393538,-73.6105038,0
12358154839,5.9394131,-73.6106039,0
12358154840,5.9393674,-73.6106313,0
12358160735,5.9391293,-73.6107642,0
12358160736,5.9390809,-73.6106863,0
12358160737,5.9390377,-73.6107134,0
12358160738,5.9390861,-73.6107913,0
12358160739,5.9392982,-73.6102581,0
12358160740,5.9392317,-73.6101647,0
12358160741,5.9391886,-73.6101957,0
12358160742,5.9392551,-73.6102891,0
12358161018,5.9390742,-73.6078033,0
12358161019,5.9391302,-73.6077822,0
12358161020,5.9391666,-73.6078801,0
12358161021,5.9391106,-73.6079012,0
12358161349,5.9392753,-73.6106812,0
12358161350,5.9392232,-73.610594,0
12358161351,5.9391686,-73.6106249,0
12358161352,5.9392206,-73.610712,0
12358169710,5.9282368,-73.6185501,0
12358169711,5.9281185,-73.6184922,0
12358169712,5.9280761,-73.6185798,0
12358169713,5.9281943,-73.6186377,0
12358173901,5.9277411,-73.6143375,0
12358173902,5.9277237,-73.614371,0
12358173903,5.9277624,-73.6144005,0
12358173904,5.9277544,-73.6144179,0
12358173905,5.9278478,-73.6144756,0
12360068800,5.9311596,-73.6200414,0
12360112851,5.931239,-73.6201815,0
12360112852,5.931155,-73.6203264,0
12360112853,5.9311903,-73.6203471,0
12360112854,5.9312763,-73.620207,0
12360112855,5.9313751,-73.6199958,0
12360112856,5.9313257,-73.6199636,0
12360112857,5.9312277,-73.6200769,0
12360112858,5.931275,-73.6201084,0
12360113093,5.9312003,-73.6201527,0
12360113094,5.9311309,-73.6202908,0
12360113095,5.931159,-73.6203076,0
12360113096,5.931235,-73.6201748,0
12360113097,5.9311643,-73.6201339,0
12360113098,5.9310983,-73.6202707,0
12360113099,5.9311276,-73.6202848,0
12360113100,5.9311923,-73.620152,0
12360117093,5.9315131,-73.6200937,0
12360117094,5.9314504,-73.6200508,0
12360117095,5.9313604,-73.6201661,0
12360117096,5.9313957,-73.6201882,0
12360117097,5.9314017,-73.6201815,0
12360117098,5.9314344,-73.6202023,0
12360126996,5.9311116,-73.6201185,0
12360126997,5.9310416,-73.6202338,0
12360126998,5.9310222,-73.6202244,0
12360126999,5.9310249,-73.6202117,0
12360127000,5.9309829,-73.6201929,0
12360129383,5.9309535,-73.6199837,0
12360129384,5.9309115,-73.6200541,0
12360129385,5.9308948,-73.6200514,0
12360129386,5.9308682,-73.6200756,0
12360129387,5.9308155,-73.6200387,0
12360129388,5.9308555,-73.619977,0
12360129389,5.9308642,-73.619983,0
12360129390,5.9308782,-73.6199669,0
12360129391,5.9308868,-73.6199703,0
12360129392,5.9309048,-73.6199502,0
12360129585,5.9313856,-73.6202812,0
12360129586,5.931336,-73.6202502,0
12360129587,5.9312789,-73.6203429,0
12360129588,5.9313285,-73.6203738,0
12360129982,5.9310429,-73.6197886,0
12360129983,5.9311436,-73.6198731,0
12360129984,5.9311203,-73.6199059,0
12360129985,5.9310076,-73.6198268,0
12360130192,5.9311723,-73.6198362,0
12360130193,5.9310736,-73.6197564,0
12360130194,5.9310456,-73.6197832,0
12360130195,5.931147,-73.619867,0
12360139383,5.9311223,-73.6200105,0
12360139384,5.9312177,-73.6199012,0
12360139385,5.9312523,-73.6199321,0
12360139386,5.9311543,-73.6200367,0
12360139389,5.9310302,-73.6200461,0
12360139390,5.9309562,-73.6199951,0
12360139391,5.9308948,-73.6200997,0
12360139392,5.9309709,-73.6201748,0
12360140186,5.9311236,-73.6201151,0
12360140187,5.9310502,-73.6202345,0
12360140188,5.9310943,-73.6202627,0
12360140189,5.9311583,-73.6201326,0
12360140194,5.9310136,-73.6199441,0
12360140195,5.9310676,-73.6198717,0
12360140196,5.9311149,-73.619912,0
12360140197,5.9310642,-73.6199757,0
12360145508,5.9311696,-73.6198623,0
12360145509,5.9310703,-73.619977,0
12360145510,5.9311183,-73.6200058,0
12360145511,5.931211,-73.6198959,0
12360148401,5.9312617,-73.6199301,0
12360148402,5.9313137,-73.619971,0
12360148403,5.9312163,-73.6200809,0
12360154597,5.9310116,-73.6199301,0
12360154598,5.9309469,-73.6198912,0
12360154599,5.9309989,-73.6198295,0
12360154600,5.9310589,-73.6198711,0
12360161934,5.931282,-73.6197138,0
12360161935,5.931182,-73.61963,0
12360161936,5.9310793,-73.6197514,0
12360161937,5.931178,-73.6198298,0
12360164601,5.9309922,-73.6201762,0
12360164602,5.9309795,-73.6201708,0
12360164603,5.9310376,-73.6200648,0
12360168682,5.9315568,-73.6192277,0
12360168683,5.9316102,-73.6191686,0
12360168684,5.9317309,-73.6192545,0
12360168685,5.9316809,-73.6193128,0
12360169752,5.9314205,-73.6193869,0
12360169753,5.931517,-73.6194683,0
12360169754,5.9315642,-73.6194117,0
12360169755,5.9314677,-73.6193303,0
12360173838,5.9313751,-73.6197115,0
12360173839,5.9312272,-73.6195861,0
12360173840,5.9312505,-73.6195603,0
12360173841,5.9313979,-73.6196789,0
12360174369,5.9314748,-73.6193249,0
12360174370,5.9315708,-73.619408,0
12360174371,5.9316055,-73.6193598,0
12360174372,5.9315275,-73.6192826,0
12360174373,5.9315074,-73.6193115,0
12360174374,5.9314934,-73.6193028,0
12360179320,5.9312527,-73.6195586,0
12360179321,5.9314421,-73.6197115,0
12360179322,5.9315021,-73.6196431,0
12360179323,5.9313207,-73.6194835,0
12360179324,5.9313074,-73.6197235,0
12360179325,5.9311913,-73.619627,0
12360179326,5.9312247,-73.6195881,0
12360179327,5.9313367,-73.619686,0
12360180171,5.9317752,-73.6188361,0
12360180172,5.9317359,-73.6187972,0
12360180173,5.9318136,-73.6187207,0
12360180174,5.9318269,-73.61872,0
12360180175,5.9318483,-73.6187408,0
12360180176,5.9318523,-73.618765,0
12360194585,5.9313714,-73.6194496,0
12360194586,5.9314201,-73.6193946,0
12360194587,5.9315121,-73.6194731,0
12360194588,5.9314674,-73.6195267,0
12360196221,5.9329424,-73.6198124,0
12360205832,5.9320847,-73.6288199,0
12360213654,5.9313922,-73.6190915,0
12360213655,5.9314713,-73.6191698,0
12360213656,5.9314248,-73.6192173,0
12360213657,5.9313457,-73.619139,0
12360214504,5.9314732,-73.6191571,0
12360214505,5.9314025,-73.619086,0
12360214506,5.9314625,-73.619023,0
12360214507,5.9315319,-73.6190941,0
12360218840,5.9308032,-73.6198062,0
12360218841,5.9308312,-73.619768,0
12360218842,5.9308939,-73.6198109,0
12360218843,5.9308666,-73.6198511,0
12396492610,5.9318327,-73.6175074,0
12396492611,5.9318209,-73.6175835,0
12396492612,5.9319269,-73.6177645,0
12396492613,5.9319824,-73.6178491,0
12407061594,5.9358144,-73.6111247,0
12407071621,5.9350941,-73.6111864,0
12407094482,5.9351848,-73.6111676,0
12407122119,5.9357317,-73.6109611,0
12438756632,5.926341,-73.6142411,0
12438756633,5.9263463,-73.6141807,0
12438756634,5.9263356,-73.6141606,0
12438756635,5.9262823,-73.6141606,0
12438756636,5.9262689,-73.6141003,0
12438756637,5.9262743,-73.6140104,0
12438756638,5.9263316,-73.6139112,0
12438756639,5.9263743,-73.6138964,0
12438756640,5.9264223,-73.6138964,0
12438756641,5.9264557,-73.6138414,0
12438756642,5.9265184,-73.6137824,0
12438756643,5.9266024,-73.6137328,0
12438756644,5.9266958,-73.6136899,0
12438756645,5.9267238,-73.6136899,0
12438756646,5.9267598,-73.6137046,0
12438756647,5.9267972,-73.6136791,0
12438756648,5.9267772,-73.6136282,0
12438756649,5.9267812,-73.6135544,0
12438756650,5.9268425,-73.6134833,0
12438756651,5.9268519,-73.6133962,0
12438756652,5.9268825,-73.6133653,0
12438756653,5.9269492,-73.6133935,0
12438756654,5.9269706,-73.6133761,0
12438756655,5.9269799,-73.6132956,0
12438756656,5.9270533,-73.6132446,0
12438756657,5.9270786,-73.6131789,0
12438756658,5.927128,-73.6131668,0
12438756659,5.92718,-73.6131293,0
12438756660,5.9272214,-73.6130314,0
12438756661,5.9272534,-73.6130059,0
12438756662,5.9272707,-73.613026,0
12438756663,5.9272974,-73.6129925,0
12438756664,5.9273201,-73.6129335,0
12438756665,5.9273414,-73.612841,0
12438756666,5.9273574,-73.6127699,0
12438756667,5.9273868,-73.6127417,0
12438756668,5.9274321,-73.6127283,0
12438756669,5.9274348,-73.6126787,0
12438756670,5.9274548,-73.6126519,0
12438756671,5.9275242,-73.6126666,0
12438756672,5.9275442,-73.6126277,0
12438756673,5.9275508,-73.6125633,0
12438756674,5.9276015,-73.6125258,0
12438756675,5.9276455,-73.6125097,0
12438756676,5.9276629,-73.6124547,0
12438756677,5.9276602,-73.6123836,0
12438756678,5.9276896,-73.6123447,0
12438756679,5.9277296,-73.6123528,0
12438756680,5.9277789,-73.6123555,0
12438756681,5.9278029,-73.6123354,0
12438756682,5.927807,-73.61222,0
12438756683,5.9278576,-73.612153,0
12438756684,5.9279097,-73.6121034,0
12438756685,5.927955,-73.6121101,0
12438756686,5.9279897,-73.6120618,0
12438756687,5.9280417,-73.6120135,0
12438756688,5.9280764,-73.6120403,0
12438756689,5.9281124,-73.612039,0
12438756690,5.9281404,-73.6119974,0
12438756691,5.9281805,-73.6119894,0
12438756692,5.9282125,-73.6119867,0
12438756693,5.9282191,-73.6120457,0
12438756694,5.9281778,-73.6120712,0
12438756695,5.9281124,-73.6120953,0
12438756696,5.9280751,-73.612165,0
12438756697,5.9280351,-73.6122415,0
12438756698,5.9280377,-73.61233,0
12438756699,5.927975,-73.6123689,0
12438756700,5.9279737,-73.6124158,0
12438765548,5.9277683,-73.6140466,0
12438765552,5.9317387,-73.611414,0
12438765553,5.931319,-73.6115945,0
12438789618,5.9263143,-73.6145723,0
12438789619,5.9262369,-73.6145924,0
12438789620,5.9261409,-73.6146488,0
12438789621,5.9260915,-73.6147091,0
12438789622,5.9260195,-73.6147574,0
12438789623,5.9260035,-73.6148124,0
12438789624,5.9260221,-73.6148432,0
12438789625,5.9259608,-73.6148754,0
12438789626,5.9259248,-73.6149022,0
12438789627,5.9259328,-73.6149653,0
12438789628,5.9259194,-73.6150404,0
12438789629,5.9259394,-73.615094,0
12438789630,5.9259795,-73.6150994,0
12438789631,5.9260342,-73.6150793,0
12438789632,5.9259848,-73.6151316,0
12438789633,5.9259328,-73.6151839,0
12438789634,5.9258821,-73.615212,0
12438789635,5.9258541,-73.6151731,0
12438789636,5.9258487,-73.6151007,0
12438789637,5.9258727,-73.6150551,0
12438789638,5.9258781,-73.6149545,0
12438789639,5.9258727,-73.6148982,0
12438789640,5.9258861,-73.6147735,0
12438789641,5.9259088,-73.6147024,0
12438789642,5.9259835,-73.6146313,0
12438789643,5.9260048,-73.6145227,0
12438789644,5.9260422,-73.614453,0
12438789645,5.9261235,-73.6143832,0
12438789646,5.9261582,-73.614351,0
12438789647,5.9262116,-73.6143323,0
12438789648,5.9262943,-73.6144154,0
12438789649,5.9263249,-73.6145106,0
12438794301,5.928007,-73.6124681,0
12438794302,5.9280577,-73.6125164,0
12438794303,5.9280431,-73.6125714,0
12438794304,5.9279897,-73.6125419,0
12438794305,5.9279483,-73.612499,0
12438794306,5.9278803,-73.6125379,0
12438794307,5.927851,-73.6124842,0
12438794308,5.9278136,-73.612452,0
12438794309,5.9277669,-73.6124748,0
12438794310,5.9277256,-73.6124963,0
12438794311,5.9277069,-73.6125741,0
12438794312,5.9276402,-73.6125888,0
12438794313,5.9276189,-73.6126532,0
12438794314,5.9275668,-73.6127068,0
12438794315,5.9275695,-73.612794,0
12438794316,5.9275282,-73.6128141,0
12438794317,5.9275535,-73.6128383,0
12438794318,5.9276109,-73.6129348,0
12438794319,5.9275962,-73.6129791,0
12438794320,5.9275588,-73.6130408,0
12438794321,5.9275708,-73.6130837,0
12438794322,5.9275802,-73.6131642,0
12438794323,5.9276309,-73.6131776,0
12438794324,5.9276922,-73.6132084,0
12438794325,5.9277403,-73.6132419,0
12438794326,5.9278016,-73.6132875,0
12438794327,5.927851,-73.6132634,0
12438794328,5.9278776,-73.6131896,0
12438794329,5.9279564,-73.6132057,0
12438794330,5.9279857,-73.6131655,0
12438794331,5.9280311,-73.6131722,0
12438794332,5.9280884,-73.6132299,0
12438794333,5.9281311,-73.6132634,0
12438794334,5.9281858,-73.6132795,0
12438794335,5.9282538,-73.6132956,0
12438794336,5.9282792,-73.6133573,0
12438794337,5.9283232,-73.613368,0
12438794338,5.9283432,-73.6134364,0
12438794339,5.9283992,-73.6134364,0
12438794340,5.9284459,-73.6134686,0
12438794341,5.9283872,-73.6135263,0
12438794342,5.9283899,-73.6135799,0
12438794343,5.9283165,-73.6136537,0
12438794344,5.9282271,-73.6136537,0
12438794345,5.9281911,-73.6135812,0
12438794346,5.9282005,-73.6135196,0
12438794347,5.9282285,-73.6134954,0
12438794348,5.9282125,-73.6134565,0
12438794349,5.9282325,-73.613415,0
12438794350,5.9281965,-73.6133694,0
12438794351,5.9281364,-73.6133492,0
12438794352,5.9280857,-73.6133452,0
12438794353,5.9280791,-73.6132902,0
12438794354,5.9279964,-73.6132795,0
12438794355,5.927935,-73.6132916,0
12438794356,5.9279564,-73.6133385,0
12438794357,5.9279604,-73.6133801,0
12438794358,5.9280017,-73.6133868,0
12438794359,5.9280324,-73.6133895,0
12438794360,5.9280351,-73.6134659,0
12438794361,5.9280951,-73.6134901,0
12438794362,5.9281138,-73.6135209,0
12438794363,5.9280124,-73.6135316,0
12438794364,5.9279564,-73.613588,0
12438794365,5.9279203,-73.6136295,0
12438794366,5.9278963,-73.61362,0
12438794367,5.9279217,-73.6135875,0
12438794368,5.9278603,-73.6135175,0
12438794369,5.9275188,-73.6133888,0
12438794370,5.9276149,-73.6134062,0
12438794371,5.9276495,-73.6134578,0
12438794372,5.9277456,-73.6135105,0
12438794373,5.9278003,-73.6135126,0
12438794374,5.9274841,-73.6133331,0
12438794375,5.9274515,-73.6134907,0
12438794376,5.9274304,-73.6134052,0
12438794377,5.927472,-73.6132659,0
12438794378,5.9274179,-73.6133288,0
12438794379,5.9273898,-73.6135333,0
12438794380,5.9263865,-73.6142533,0
12438794381,5.9264479,-73.6141964,0
12438794382,5.9264426,-73.6141559,0
12438794383,5.9264933,-73.6141597,0
12438794384,5.9265744,-73.6142355,0
12438794385,5.9266224,-73.6142361,0
12438794386,5.9266157,-73.6141967,0
12438794387,5.926541,-73.6141376,0
12438794388,5.9266024,-73.6140297,0
12438794389,5.9266451,-73.6140298,0
12438794390,5.9266224,-73.6141348,0
12438794391,5.9266699,-73.6141519,0
12438794392,5.9266857,-73.6139727,0
12438794393,5.9267243,-73.6139729,0
12438794394,5.9267529,-73.6140602,0
12438794395,5.9268152,-73.6141092,0
12438794396,5.9268891,-73.614064,0
12438794397,5.9269433,-73.6140347,0
12438794398,5.9269624,-73.6140951,0
12438794399,5.9269507,-73.614128,0
12438794400,5.9269875,-73.6141284,0
12438794401,5.9270325,-73.6140897,0
12438794402,5.9270658,-73.6141025,0
12438794403,5.9271357,-73.6140687,0
12438794404,5.9270861,-73.6140802,0
12438794405,5.9271307,-73.6139874,0
12438794406,5.9271425,-73.6140374,0
12438794407,5.9272069,-73.6139307,0
12438794408,5.9272116,-73.6138795,0
12438794409,5.9271339,-73.6138606,0
12438794410,5.9271445,-73.6138096,0
12438794411,5.9272138,-73.6137935,0
12438794412,5.9272551,-73.6136795,0
12438794413,5.9272464,-73.6137579,0
12438794414,5.9273358,-73.613648,0
12438794415,5.9273227,-73.613596,0
12438794416,5.9265384,-73.6146206,0
12438794417,5.9265651,-73.6146608,0
12438794418,5.9266144,-73.6146635,0
12438794419,5.9266504,-73.6147091,0
12438794420,5.9266691,-73.6147681,0
12438794421,5.9267171,-73.6148017,0
12438794422,5.9267758,-73.6147802,0
12438794423,5.9268398,-73.6148553,0
12438794424,5.9268919,-73.6148553,0
12438794425,5.9269519,-73.61487,0
12438794426,5.9270399,-73.6148942,0
12438794427,5.9270853,-73.6149049,0
12438794428,5.9271386,-73.6149049,0
12438794429,5.927192,-73.6148499,0
12438794430,5.9272214,-73.6148017,0
12438794431,5.9273481,-73.6147507,0
12438794432,5.9273841,-73.6146957,0
12438794433,5.9273841,-73.6146541,0
12438794434,5.9273761,-73.6146126,0
12438794435,5.9273974,-73.6145696,0
12438794436,5.9274001,-73.6145187,0
12438794437,5.9273414,-73.6145133,0
12438794438,5.9272921,-73.6145348,0
12438794439,5.9272347,-73.614575,0
12438794440,5.9271693,-73.6146112,0
12438794441,5.9270906,-73.6146394,0
12438794442,5.9270399,-73.6146474,0
12438794443,5.9269786,-73.6146514,0
12438794444,5.9269452,-73.6146783,0
12438794445,5.9268732,-73.6146903,0
12438794446,5.9268332,-73.6146608,0
12438794447,5.9267745,-73.6146756,0
12438794448,5.9267265,-73.6146555,0
12438794449,5.9266838,-73.614634,0
12438794450,5.9266544,-73.6146287,0
12438794451,5.9266251,-73.6146313,0
12438794452,5.9265784,-73.6145938,0
12438797796,5.932427,-73.6107301,0
12438806432,5.9312612,-73.611538,0
12438807260,5.9319183,-73.6110034,0
12438807261,5.9319557,-73.6108907,0
12438807262,5.931929,-73.6107915,0
12438807263,5.9317289,-73.6105259,0
12438807264,5.9317155,-73.6104079,0
12438807265,5.9323526,-73.6107065,0
12438807266,5.9321765,-73.6108084,0
12438823430,5.9376102,-73.6117512,0
12438823431,5.9376102,-73.6117311,0
12438823432,5.9375996,-73.611727,0
12438823433,5.9375969,-73.6116372,0
12438823434,5.9375369,-73.6116291,0
12438823435,5.9375315,-73.6116546,0
12438823436,5.9375142,-73.6116546,0
12438823437,5.9374982,-73.6117042,0
12438823438,5.9375222,-73.6117109,0
12438823439,5.9375209,-73.6117472,0
12438825254,5.9327261,-73.6106421,0
12438825843,5.937707,-73.6118142,0
12438836902,5.9376409,-73.6118611,0
12449834625,5.9301077,-73.619885,0
12449871233,5.9304479,-73.6195001,0
12449875348,5.9304963,-73.6191696,0
12480804999,5.9326636,-73.6125749,0
12480805000,5.9351297,-73.612125,0
12480805001,5.9369414,-73.6125873,0
12480805002,5.9398183,-73.6121702,0
12480805003,5.9328496,-73.6163194,0
12480805004,5.9314356,-73.6179349,0
12480805005,5.9365469,-73.610892,0
12480805006,5.932788,-73.6133409,0
12480805007,5.9329676,-73.6149082,0
12480805008,5.9370259,-73.6126364,0
12480805009,5.9332484,-73.6141702,0
12480805010,5.9319601,-73.6184232,0
12480805011,5.9348133,-73.6102013,0
12480805012,5.9282981,-73.62041,0
12480808642,5.9328266,-73.6147103,0
12480808643,5.9364781,-73.6113125,0
12480808644,5.9262984,-73.6228018,0
12480808645,5.9368543,-73.6147523,0
12487575817,5.9261505,-73.6171559,0
12487575818,5.9263132,-73.6174294,0
12487575819,5.9269615,-73.6177379,0
12495898389,5.9354444,-73.6092786,0
12495898390,5.9353097,-73.6091673,0
12495898391,5.9351483,-73.6093792,0
12495898392,5.9352937,-73.6094905,0
12495930612,5.9349988,-73.6087396,0
12495930613,5.9347958,-73.6089552,0
12495930614,5.9351582,-73.6093002,0
12495930615,5.9353612,-73.6090846,0
12495944931,5.9348395,-73.6101756,0
12495964564,5.9274449,-73.6201994,0
12495964565,5.9275369,-73.6199794,0
12495964566,5.9273969,-73.6199271,0
12495964567,5.9272968,-73.6201484,0
12496020146,5.9282066,-73.6205452,0
12496027299,5.9332518,-73.6150623,0
12496027300,5.9331571,-73.6149489,0
12496042922,5.927601,-73.6199218,0
12496042923,5.9277143,-73.6196616,0
12496042924,5.9275823,-73.6196053,0
12496042925,5.9274596,-73.6198654,0
12496055169,5.9369331,-73.6111892,0
12496055170,5.9366129,-73.6110309,0
12496055171,5.9363408,-73.6109451,0
12496055172,5.936074,-73.6111918,0
12496055173,5.9361968,-73.6114252,0
12496055174,5.9365009,-73.6114922,0
12496055175,5.9365409,-73.6115727,0
12496055176,5.9366876,-73.611621,0
12496055177,5.9368717,-73.6115298,0
12496058566,5.938952,-73.6144413,0
12496058567,5.9387785,-73.6145298,0
12496058568,5.9386598,-73.6143273,0
12496058569,5.9388372,-73.6142321,0
12496065201,5.9333445,-73.6148075,0
12496065202,5.9334359,-73.6149349,0
12496074826,5.9384771,-73.6105414,0
12496074827,5.9384984,-73.6104328,0
12496074828,5.9382957,-73.6103858,0
12496074829,5.938273,-73.6104945,0
12496087873,5.938185,-73.6105937,0
12496087874,5.9382263,-73.610406,0
12496087875,5.9379569,-73.6103429,0
12496087876,5.9379262,-73.6105307,0
12496101259,5.9364642,-73.6155947,0
12496101260,5.9363295,-73.6154539,0
12496101261,5.9361001,-73.6156725,0
12496101262,5.9362361,-73.6158052,0
12496102278,5.9399017,-73.6122151,0
12496102279,5.9398163,-73.612199,0
12496102280,5.939791,-73.6123747,0
12496102281,5.9398697,-73.6123921,0
12546690408,5.9366298,-73.6253057,0
12572861582,5.932957,-73.6160902,0
12572861583,5.9328761,-73.6159929,0
12572861584,5.9328877,-73.6161537,0
12572861585,5.9328745,-73.6159894,0
12572861586,5.9328065,-73.6160578,0
12572861587,5.9326914,-73.6159422,0
12572861588,5.9329058,-73.6160169,0
12572861589,5.9329791,-73.6159412,0
12572861590,5.9328328,-73.615798,0
12572861591,5.9327594,-73.6158738,0
12572861592,5.9330425,-73.6161017,0
12572861593,5.9330052,-73.6160494,0
12572861594,5.9328775,-73.6161628,0
12572861595,5.9329149,-73.6162017,0
12572861596,5.9331172,-73.6161281,0
12572861597,5.9330759,-73.6160798,0
12572861598,5.9329275,-73.6161956,0
12572861599,5.9328402,-73.6165028,0
12572861600,5.9328931,-73.6165743,0
12573130001,5.9328061,-73.6164509,0
12573130002,5.9328419,-73.6164973,0
12573130003,5.9329742,-73.6163874,0
12573130004,5.9328494,-73.6162441,0
12573130005,5.9329311,-73.616335,0
12573130006,5.9328048,-73.6164498,0
12573130007,5.9327231,-73.6163589,0
12573130008,5.9326697,-73.6162958,0
12573130009,5.9327955,-73.6161882,0
12573130010,5.9328442,-73.6162432,0
12573130011,5.9331118,-73.6162319,0
12573130012,5.9330669,-73.6161765,0
12573130013,5.9329762,-73.6162587,0
12573130014,5.9330264,-73.6163147,0
12573130015,5.9332025,-73.616206,0
12573130016,5.9331785,-73.6161731,0
12573130017,5.9330189,-73.6163217,0
12573130018,5.9332652,-73.6162472,0
12573130019,5.9332151,-73.6161963,0
12573130020,5.9330522,-73.6163579,0
12573130021,5.9333258,-73.616315,0
12573130022,5.9332738,-73.616256,0
12573130023,5.9331023,-73.6164089,0
12573130024,5.9331543,-73.6164679,0
12573130025,5.933772,-73.616644,0
12573130026,5.9336326,-73.6164944,0
12573130027,5.9335611,-73.6165617,0
12573130028,5.9337005,-73.6167113,0
12573130029,5.9335851,-73.6173547,0
12573130030,5.9334951,-73.6172548,0
12573130031,5.933357,-73.6173805,0
12573130032,5.9334471,-73.6174804,0
12573130033,5.9335768,-73.6172594,0
12573130034,5.9336561,-73.6171743,0
12573130035,5.9335084,-73.6170352,0
12573130036,5.9334291,-73.6171203,0
12573130037,5.9335348,-73.6167659,0
12573130038,5.9334528,-73.6166834,0
12573130039,5.9333717,-73.6167649,0
12573130040,5.9334538,-73.6168474,0
12573130041,5.9331646,-73.6164766,0
12573130042,5.933331,-73.6163177,0
12573130043,5.9333905,-73.616383,0
12573130044,5.9332263,-73.6165419,0
12573130045,5.9333917,-73.616384,0
12573130046,5.9334478,-73.6164434,0
12573130047,5.9332823,-73.6166013,0
12573130048,5.9330204,-73.6164575,0
12573130049,5.9329302,-73.6165436,0
12573130050,5.93299,-73.616607,0
12573130051,5.9330803,-73.6165208,0
12573130052,5.9330935,-73.6166645,0
12573130053,5.933145,-73.6166154,0
12573130054,5.9332032,-73.616677,0
12573130055,5.9330593,-73.616688,0
12573130056,5.9330889,-73.6166596,0
12573130057,5.9331517,-73.6167262,0
12573130058,5.9330141,-73.6167081,0
12573130059,5.9330479,-73.6166759,0
12573130060,5.9331221,-73.6167545,0
12573130061,5.9330883,-73.6167867,0
12573130062,5.9330795,-73.6167862,0
12573130063,5.933016,-73.6167248,0
12573130064,5.9329594,-73.616784,0
12573130065,5.9330229,-73.6168454,0
12573130066,5.9327733,-73.6169624,0
12573130067,5.9327006,-73.6170268,0
12573130068,5.9327508,-73.6170841,0
12573130069,5.9328235,-73.6170197,0
12573130070,5.9328062,-73.6169281,0
12573130071,5.9327755,-73.6169576,0
12573130072,5.9328295,-73.6170144,0
12573130073,5.9328602,-73.6169849,0
12573130074,5.9328493,-73.6168811,0
12573130075,5.9328093,-73.6169206,0
12573130076,5.9328675,-73.6169802,0
12573130077,5.9329075,-73.6169406,0
12573130078,5.9328518,-73.6168636,0
12573130079,5.9329031,-73.616816,0
12573130080,5.9329682,-73.616887,0
12573130081,5.9329169,-73.6169346,0
12573130082,5.9328805,-73.6167753,0
12573130083,5.9329205,-73.6167398,0
12573130084,5.9330162,-73.6168487,0
12573130085,5.9329762,-73.6168843,0
12573130086,5.9325201,-73.6171565,0
12573130087,5.9325701,-73.6171089,0
12573130088,5.9326607,-73.6171726,0
12573130089,5.9326141,-73.6172175,0
12573130090,5.9324768,-73.6171987,0
12573130091,5.9325134,-73.6171672,0
12573130092,5.932608,-73.6172276,0
12573130093,5.9325467,-73.6172806,0
12573130094,5.9324007,-73.617273,0
12573130095,5.9324708,-73.6172119,0
12573130096,5.932538,-73.61729,0
12573130097,5.932468,-73.617351,0
12573130098,5.932319,-73.6173501,0
12573130099,5.9323931,-73.617281,0
12573130100,5.9324613,-73.617355,0
12573130101,5.9323873,-73.6174241,0
12573130102,5.9328343,-73.6174146,0
12573130103,5.9328757,-73.6173737,0
12573130104,5.9329355,-73.6174348,0
12573130105,5.9328942,-73.6174757,0
12573130106,5.9334244,-73.617083,0
12573130107,5.9334991,-73.6170052,0
12573130108,5.9334097,-73.6169185,0
12573130109,5.933335,-73.6169963,0
12573130110,5.9333983,-73.6169141,0
12573130111,5.9333243,-73.6168337,0
12573130112,5.9332497,-73.6169031,0
12573130113,5.9333237,-73.6169835,0
12573130114,5.9333598,-73.617055,0
12573130115,5.9332331,-73.6169189,0
12573130116,5.9331843,-73.6169647,0
12573130117,5.933311,-73.6171009,0
12573130118,5.9332293,-73.617024,0
12573130119,5.9331741,-73.6169644,0
12573130120,5.9331801,-73.61707,0
12573130121,5.9332437,-73.6171364,0
12573130122,5.933189,-73.6170794,0
12573130123,5.9331296,-73.6171371,0
12573130124,5.9331843,-73.6171941,0
12573130125,5.9331277,-73.6171276,0
12573130126,5.9331844,-73.6170747,0
12573130127,5.9331249,-73.6170103,0
12573130128,5.9330683,-73.6170633,0
12573130129,5.9332189,-73.6172032,0
12573130130,5.9333276,-73.6171026,0
12573130131,5.9333991,-73.6171807,0
12573130132,5.9332903,-73.6172812,0
12573130133,5.9333945,-73.6173089,0
12573130134,5.9334772,-73.6172351,0
12573130135,5.9334297,-73.6171813,0
12573130136,5.933347,-73.6172551,0
12573130137,5.9329615,-73.6173061,0
12573130138,5.9329495,-73.6173248,0
12573130139,5.9329749,-73.6173503,0
12573130140,5.9330116,-73.6173181,0
12573130141,5.9330209,-73.6173275,0
12573130142,5.9329822,-73.617359,0
12573130143,5.9330547,-73.6173352,0
12573130144,5.9330049,-73.6173832,0
12573130145,5.9329338,-73.6172728,0
12573130146,5.9329649,-73.617241,0
12573130147,5.9328916,-73.617643,0
12573130148,5.9329295,-73.6176065,0
12573130149,5.9330001,-73.6176806,0
12573130150,5.9329622,-73.6177171,0
12573130151,5.932842,-73.6179057,0
12573130152,5.9329382,-73.617813,0
12573130153,5.9330071,-73.6178853,0
12573130154,5.9329108,-73.6179779,0
12573130155,5.9327682,-73.6177249,0
12573130156,5.9328508,-73.6176454,0
12573130157,5.9329041,-73.6177013,0
12573130158,5.9328215,-73.6177808,0
12573130159,5.932703,-73.6177914,0
12573130160,5.9327648,-73.6177319,0
12573130161,5.9328192,-73.617789,0
12573130162,5.9327574,-73.6178485,0
12573130163,5.9331769,-73.6176933,0
12573130164,5.9332657,-73.6176078,0
12573130165,5.9331657,-73.6175029,0
12573130166,5.9330769,-73.6175884,0
12573130167,5.9331929,-73.6173017,0
12573130168,5.9331511,-73.6172578,0
12573130169,5.933035,-73.6173696,0
12573130170,5.9330768,-73.6174135,0
12573130171,5.9332127,-73.6173713,0
12573130172,5.933174,-73.6173297,0
12573130173,5.9330823,-73.617416,0
12573130174,5.9331209,-73.6174576,0
12573130175,5.9329392,-73.6174885,0
12573130176,5.9328854,-73.617544,0
12573130177,5.9330306,-73.6174507,0
12573130178,5.9330026,-73.6174232,0
12573130179,5.9328742,-73.6175555,0
12573130180,5.9329022,-73.617583,0
12573130181,5.9329153,-73.6174651,0
12573130182,5.9328615,-73.6175206,0
12573130183,5.9327911,-73.617568,0
12573130184,5.9327184,-73.6176371,0
12573130185,5.9326014,-73.6175126,0
12573130186,5.9326741,-73.6174435,0
12573130187,5.9327845,-73.6174099,0
12573130188,5.9327551,-73.6174409,0
12573130189,5.9326996,-73.6173874,0
12573130190,5.9328614,-73.6173702,0
12573130191,5.9328041,-73.6174285,0
12573130192,5.9327303,-73.6173552,0
12573130193,5.932864,-73.617372,0
12573130194,5.9329283,-73.6173053,0
12573130195,5.9328528,-73.6172316,0
12573130196,5.9327876,-73.6172968,0
12573130197,5.9329817,-73.617246,0
12573130198,5.933071,-73.6173302,0
12573130199,5.9331563,-73.6172397,0
12573130200,5.9329808,-73.6172464,0
12573130201,5.9330668,-73.6171545,0
12573130202,5.9330002,-73.6170915,0
12573130203,5.9329142,-73.6171833,0
12573132161,5.9304717,-73.6191179,0
12573132162,5.9305026,-73.6190854,0
12573132163,5.931092,-73.6186229,0
12573132164,5.9309966,-73.6185223,0
12573132165,5.93093,-73.6185861,0
12573132166,5.9310253,-73.6186867,0
12573132167,5.9310191,-73.6186922,0
12573132168,5.9309331,-73.6186004,0
12573132169,5.9308546,-73.6186747,0
12573132170,5.9309406,-73.6187665,0
12573132171,5.930928,-73.6187658,0
12573132172,5.930868,-73.6187122,0
12573132173,5.9307779,-73.6188141,0
12573132174,5.9308379,-73.6188678,0
12573132175,5.9308282,-73.6188994,0
12573132176,5.9307742,-73.6188504,0
12573132177,5.9307232,-73.6189073,0
12573132178,5.9307772,-73.6189563,0
12573132179,5.9307536,-73.6189653,0
12573132180,5.9307135,-73.6189251,0
12573132181,5.9306505,-73.6189885,0
12573132182,5.9306905,-73.6190287,0
12573132183,5.9306743,-73.6190305,0
12573132184,5.9305416,-73.6188964,0
12573132185,5.9304818,-73.6189563,0
12573132186,5.9306145,-73.6190904,0
12573132187,5.9306086,-73.619094,0
12573132188,5.9304792,-73.6189652,0
12573132189,5.9304458,-73.6189992,0
12573132190,5.9305751,-73.6191279,0
12573132191,5.9304281,-73.6190065,0
12573132192,5.9303957,-73.6190374,0
12573132193,5.9305594,-73.619117,0
12573132194,5.9305141,-73.6190734,0
12573132195,5.9304424,-73.6191487,0
12573132196,5.9304878,-73.6191923,0
12573132197,5.9303464,-73.6191729,0
12573132198,5.9303969,-73.6191214,0
12573132199,5.9304644,-73.6191876,0
12573132200,5.9302937,-73.6192269,0
12573133101,5.9303459,-73.6191746,0
12573133102,5.9304111,-73.6192426,0
12573133103,5.9302546,-73.6192665,0
12573133104,5.9302943,-73.6192292,0
12573133105,5.9303557,-73.6192963,0
12573133106,5.930221,-73.6192976,0
12573133107,5.9302544,-73.6192683,0
12573133108,5.930313,-73.6193358,0
12573133109,5.9299195,-73.6181489,0
12573133110,5.9299639,-73.6181783,0
12573133111,5.9298662,-73.6181317,0
12573133112,5.9298422,-73.6181825,0
12573133113,5.9300318,-73.6182373,0
12573133114,5.9299671,-73.6181786,0
12573133115,5.9299109,-73.6182395,0
12573133116,5.9300956,-73.6182915,0
12573133117,5.9300336,-73.6182378,0
12573133118,5.9299782,-73.6183025,0
12573133119,5.9300402,-73.6183561,0
12573133120,5.9300395,-73.6183605,0
12573133121,5.9300082,-73.6183322,0
12573133122,5.9298945,-73.6184542,0
12573133123,5.9299679,-73.6183791,0
12573133124,5.9299976,-73.6184084,0
12573133125,5.9297677,-73.618498,0
12573133126,5.929843,-73.6184118,0
12573133127,5.9299242,-73.6184835,0
12573133128,5.9302764,-73.6184599,0
12573133129,5.9302654,-73.6185135,0
12573133130,5.9301345,-73.6185879,0
12573133131,5.9302005,-73.6185906,0
12573133132,5.9303976,-73.6185918,0
12573133133,5.9303315,-73.6185717,0
12573133134,5.9302914,-73.6187043,0
12573133135,5.930267,-73.6186464,0
12573133136,5.9303427,-73.6186701,0
12573133137,5.930376,-73.6186364,0
12573133138,5.9304089,-73.6186031,0
12573133139,5.9303002,-73.6187131,0
12573133140,5.9302773,-73.6184588,0
12573133141,5.9304134,-73.6185728,0
12573133142,5.9301307,-73.6185846,0
12573133143,5.9302528,-73.6184397,0
12573133144,5.9301743,-73.6186217,0
12573133145,5.9301343,-73.6185882,0
12573133146,5.9302837,-73.6187135,0
12573133147,5.9304673,-73.618716,0
12573133148,5.9304364,-73.6187518,0
12573133149,5.9305044,-73.6185754,0
12573133150,5.9303084,-73.6183863,0
12573133151,5.9303524,-73.6184272,0
12573133152,5.9304224,-73.6184909,0
12573133153,5.93006,-73.6188981,0
12573133154,5.9301254,-73.6187225,0
12573133155,5.9300082,-73.6186726,0
12573133156,5.9300529,-73.6190066,0
12573133157,5.9300603,-73.6189576,0
12573133158,5.9299282,-73.6189114,0
12573133159,5.9299209,-73.6189576,0
12573133160,5.9300259,-73.6190129,0
12573133161,5.9300573,-73.6189002,0
12573133162,5.9299402,-73.6188698,0
12573133163,5.9299235,-73.619022,0
12573133164,5.9300424,-73.6190783,0
12573133165,5.930025,-73.6190179,0
12573133166,5.9299275,-73.619028,0
12573133167,5.9302189,-73.6192961,0
12573133168,5.9302796,-73.6193651,0
12573133169,5.9302243,-73.6194143,0
12573133170,5.9301603,-73.619229,0
12573133171,5.9301636,-73.6193452,0
12573133172,5.9300829,-73.6191293,0
12573133173,5.9301596,-73.6192238,0
12573133174,5.9301049,-73.6192775,0
12573133175,5.9300788,-73.619128,0
12573133176,5.9300394,-73.6190817,0
12573133177,5.9299709,-73.6191347,0
12573133178,5.9300196,-73.6191984,0
12573133179,5.9299121,-73.6195487,0
12573133180,5.9298668,-73.6195507,0
12573133181,5.9298688,-73.619598,0
12573133182,5.9299142,-73.619596,0
12573133183,5.9299226,-73.6196097,0
12573133184,5.9298605,-73.6196064,0
12573133185,5.9298588,-73.6196382,0
12573133186,5.9299209,-73.6196416,0
12573133187,5.9298149,-73.619657,0
12573133188,5.9299336,-73.619655,0
12573133189,5.9299349,-73.6197294,0
12573133190,5.9298161,-73.6197314,0
12573133191,5.9298148,-73.619747,0
12573133192,5.9299355,-73.6197423,0
12573133193,5.9299389,-73.61983,0
12573133194,5.9298181,-73.6198347,0
12573133195,5.9298065,-73.6199432,0
12573133196,5.9299419,-73.6199351,0
12573133197,5.9299369,-73.6198495,0
12573133198,5.9298015,-73.6198575,0
12573133199,5.9290455,-73.6198511,0
12573133200,5.9291596,-73.6197311,0
12573133201,5.9290825,-73.619657,0
12573133202,5.9289684,-73.619777,0
12573133203,5.9292286,-73.6198161,0
12573133204,5.9292692,-73.6197644,0
12573133205,5.9292185,-73.6197241,0
12573133206,5.9291779,-73.6197757,0
12573133207,5.929166,-73.6199576,0
12573133208,5.929212,-73.619906,0
12573133209,5.9291739,-73.6198716,0
12573133210,5.9291278,-73.6199232,0
12573133211,5.9295967,-73.6203371,0
12573133212,5.9296511,-73.6202748,0
12573133213,5.9295953,-73.6202486,0
12573133214,5.9295966,-73.6203371,0
12573133215,5.9296507,-73.6202478,0
12573133216,5.9297923,-73.6202739,0
12573133217,5.9295967,-73.6203437,0
12573133218,5.9297928,-73.6203423,0
12573133219,5.9298776,-73.620296,0
12573133220,5.9299015,-73.6203393,0
12573133221,5.9299528,-73.6203411,0
12573133222,5.9299555,-73.6202625,0
12573133223,5.9298788,-73.6202598,0
12573133224,5.9299015,-73.6203463,0
12573133225,5.9298048,-73.620296,0
12573133226,5.9298048,-73.6203463,0
12573133227,5.9298477,-73.620185,0
12573133228,5.9299478,-73.620181,0
12573133229,5.9299409,-73.620007,0
12573133230,5.9298408,-73.6200111,0
12573133231,5.9296935,-73.6201758,0
12573133232,5.9296941,-73.6199888,0
12573133233,5.9296657,-73.6200924,0
12573133234,5.9296654,-73.6201769,0
12573133235,5.9296658,-73.6200647,0
12573133236,5.929665,-73.6200924,0
12573133237,5.9296563,-73.6201768,0
12573133238,5.9296346,-73.6200625,0
12573133239,5.9295991,-73.6201337,0
12573133240,5.9295863,-73.6201336,0
12573133241,5.9295866,-73.6200283,0
12573133242,5.9296347,-73.6200285,0
12573133243,5.9296585,-73.620246,0
12573133244,5.9296027,-73.6202478,0
12573133245,5.9296658,-73.6200635,0
12573133246,5.9296941,-73.6199864,0
12573133247,5.9296935,-73.6201775,0
12573133248,5.9296654,-73.6201774,0
12573133249,5.9296661,-73.6199863,0
12573133250,5.929818,-73.6199851,0
12573133251,5.9298235,-73.620172,0
12573133252,5.9294753,-73.6200546,0
12573133253,5.9295273,-73.6200419,0
12573133254,5.9295789,-73.6203315,0
12573133255,5.9295869,-73.6200164,0
12573133256,5.9294326,-73.6200493,0
12573133257,5.9294233,-73.6203262,0
12577092068,5.9314347,-73.6186234,0
12639499307,5.9265877,-73.625405,0
12639499308,5.926536,-73.6253513,0
12639499309,5.92642,-73.625468,0
12639499310,5.9266583,-73.6254733,0
12639499311,5.9265889,-73.6254063,0
12639499312,5.926476,-73.6255243,0
12639499313,5.9265453,-73.6255914,0
12639499314,5.9272843,-73.6249222,0
12639499315,5.927211,-73.6249269,0
12639499316,5.9271973,-73.624893,0
12639499317,5.9272577,-73.6247884,0
12639499318,5.9273507,-73.624895,0
12639499319,5.9272673,-73.6247766,0
12639499320,5.927308,-73.6246887,0
12639499321,5.9274297,-73.624835,0
12639499322,5.9273644,-73.62489,0
12639499323,5.9278553,-73.6257673,0
12639499324,5.9278285,-73.6257274,0
12639499325,5.9277819,-73.625759,0
12639499326,5.9278087,-73.6257989,0
12639499327,5.9278967,-73.6259026,0
12639499328,5.927862,-73.6257833,0
12639499329,5.9277939,-73.6258033,0
12639499330,5.9278286,-73.6259227,0
12639499331,5.9279606,-73.625768,0
12639499332,5.9279139,-73.6256661,0
12639499333,5.9278406,-73.6257,0
12639499334,5.9278873,-73.625802,0
12639499335,5.9279964,-73.6259133,0
12639499336,5.9279817,-73.6258396,0
12639499337,5.9278953,-73.6258569,0
12639499338,5.92791,-73.6259307,0
12639499339,5.9274879,-73.6252829,0
12639499340,5.9274422,-73.6252527,0
12639499341,5.9273877,-73.6253436,0
12639499342,5.9274365,-73.6253732,0
12639499343,5.92754,-73.6253048,0
12639499344,5.9274927,-73.6252769,0
12639499345,5.9274331,-73.6253789,0
12639499346,5.9274805,-73.6254068,0
12639499347,5.9275869,-73.625327,0
12639499348,5.9275443,-73.6253003,0
12639499349,5.9274821,-73.6254117,0
12639499350,5.9275304,-73.625439,0
12639499351,5.9276411,-73.6253527,0
12639499352,5.9275898,-73.6253252,0
12639499353,5.9275271,-73.6254452,0
12639499354,5.9276858,-73.6253702,0
12639499355,5.9276445,-73.6253487,0
12639499356,5.9275805,-73.6254734,0
12639499357,5.9276218,-73.6254948,0
12639499358,5.9277706,-73.6250651,0
12639499359,5.9276526,-73.6249396,0
12639499360,5.9277008,-73.6251315,0
12639499361,5.9275827,-73.625006,0
12639499362,5.9276458,-73.6251837,0
12639499363,5.9278057,-73.6250021,0
12639499364,5.927871,-73.6249511,0
12639499365,5.9278459,-73.6247827,0
12639499366,5.9277659,-73.6248525,0
12639499367,5.9272938,-73.6242286,0
12639499368,5.9273744,-73.6242273,0
12639499369,5.927375,-73.6242691,0
12639499370,5.9272945,-73.6242704,0
12639499371,5.9272448,-73.624211,0
12639499372,5.9272928,-73.6242097,0
12639499373,5.927295,-73.6242905,0
12639499374,5.927247,-73.6242919,0
12639499375,5.9272782,-73.6243393,0
12639499376,5.9273383,-73.6243367,0
12639499377,5.927343,-73.6244448,0
12639499378,5.927283,-73.6244474,0
12639499379,5.9278394,-73.6244176,0
12639499380,5.9277154,-73.624309,0
12639499381,5.9276605,-73.6243723,0
12639499382,5.9277846,-73.624481,0
12639499383,5.9272466,-73.6246463,0
12639499384,5.9269878,-73.6246569,0
12639499385,5.927195,-73.6247888,0
12639499386,5.9272104,-73.6247258,0
12639499387,5.9269909,-73.6247297,0
12639499388,5.9269935,-73.6247928,0
12639499389,5.9264607,-73.6248177,0
12639499390,5.9263553,-73.6248258,0
12639499391,5.9263653,-73.6249571,0
12639499392,5.9264706,-73.624949,0
12639499393,5.9266172,-73.6250927,0
12639499394,5.9265371,-73.6250001,0
12639499395,5.9264453,-73.6250804,0
12639499396,5.9265253,-73.625173,0
12639499397,5.9266982,-73.6252005,0
12639499398,5.9266515,-73.6251429,0
12639499399,5.9265573,-73.6252199,0
12639499400,5.926604,-73.6252776,0
12639505099,5.9335096,-73.6139609,0
12639505100,5.9334619,-73.6139947,0
12639508201,5.9266665,-73.6253022,0
12639508202,5.9267238,-73.6252486,0
12639508203,5.9268201,-73.6253527,0
12639508204,5.9267628,-73.6254063,0
12639508205,5.9268028,-73.6250987,0
12639508206,5.9268668,-73.6250384,0
12639508207,5.9270136,-73.6251958,0
12639508208,5.9269495,-73.6252561,0
12639512801,5.9335258,-73.6140874,0
12639512802,5.9335735,-73.6140475,0
12639512803,5.9339682,-73.6138713,0
12639512804,5.9338521,-73.613705,0
12639512805,5.9337606,-73.6137696,0
12639512806,5.9338766,-73.6139359,0
12639512807,5.9334128,-73.6134868,0
12639512808,5.9333618,-73.613422,0
12639512809,5.9332443,-73.6135134,0
12639512810,5.9334855,-73.6135646,0
12639512811,5.9334188,-73.6134841,0
12639512812,5.933299,-73.6135845,0
12639512813,5.9333657,-73.613665,0
12639512814,5.9337806,-73.6135557,0
12639512815,5.9336825,-73.6134189,0
12639512816,5.9336939,-73.6136113,0
12639512817,5.9335905,-73.6134953,0
12639512818,5.9338608,-73.6135107,0
12639512819,5.9336781,-73.613215,0
12639512820,5.9334337,-73.6134115,0
12639512821,5.9328053,-73.6133607,0
12639512822,5.9327279,-73.6132722,0
12639512823,5.9326067,-73.6133793,0
12639512824,5.9326841,-73.6134678,0
12639512825,5.9327348,-73.6134426,0
12639512826,5.9328122,-73.6133729,0
12639512827,5.9330069,-73.6135912,0
12639512828,5.9329295,-73.6136609,0
12639512829,5.9338204,-73.615696,0
12639512830,5.9337753,-73.6156504,0
12639512831,5.9337499,-73.6157651,0
12639512832,5.9337961,-73.6156331,0
12639512833,5.9337452,-73.6155666,0
12639512834,5.9336456,-73.6156437,0
12639512835,5.9336965,-73.6157101,0
12639512836,5.9337446,-73.6155659,0
12639512837,5.9336539,-73.6154492,0
12639512838,5.9336378,-73.6156498,0
12639512839,5.9336483,-73.6154515,0
12639512840,5.9335616,-73.6153428,0
12639512841,5.9334604,-73.6154245,0
12639512842,5.9335471,-73.6155331,0
12639512843,5.9340323,-73.6153164,0
12639512844,5.9339109,-73.6151635,0
12639512845,5.9337846,-73.6152649,0
12639512846,5.933906,-73.6154178,0
12639512847,5.9342698,-73.6153835,0
12639512848,5.9340777,-73.6150804,0
12639512849,5.9339446,-73.6151657,0
12639512850,5.9341367,-73.6154687,0
12639512851,5.9337503,-73.615505,0
12639512852,5.9336289,-73.6153374,0
12639512853,5.9337005,-73.615285,0
12639512854,5.9338219,-73.6154526,0
12639512855,5.9340029,-73.6155867,0
12639512856,5.9339301,-73.6154781,0
12639512857,5.9338686,-73.6155197,0
12639512858,5.9341258,-73.6154979,0
12639512859,5.9340391,-73.6153812,0
12639512860,5.9339833,-73.6154231,0
12639512861,5.93407,-73.6155398,0
12639512862,5.9341036,-73.615553,0
12639512863,5.9342628,-73.6154206,0
12639512864,5.9343928,-73.6155787,0
12639512865,5.9342336,-73.615711,0
12639512866,5.9340526,-73.6156219,0
12639512867,5.9341083,-73.6155664,0
12639512868,5.9342421,-73.6157209,0
12639512869,5.9341771,-73.6157778,0
12639512870,5.9341968,-73.615802,0
12639512871,5.9340514,-73.6156236,0
12639512872,5.9340033,-73.6156632,0
12639512873,5.9341487,-73.6158416,0
12639512874,5.9341267,-73.6158475,0
12639512875,5.9339414,-73.6156284,0
12639512876,5.9338473,-73.6157088,0
12639512877,5.9340325,-73.6159279,0
12639512878,5.9339672,-73.6158542,0
12639512879,5.9338659,-73.6159448,0
12639512880,5.9339313,-73.6160186,0
12664767058,5.9266591,-73.6195422,0
12664767059,5.9262022,-73.6209082,0
12664767060,5.9258908,-73.6219164,0
12664767061,5.925725,-73.6224937,0
12664767062,5.9258342,-73.6228677,0
12664767063,5.9259717,-73.6234613,0
12664767064,5.9259191,-73.6237499,0
12664767065,5.9254986,-73.6242947,0
12664767066,5.9247748,-73.6250875,0
12664767067,5.9243866,-73.6254412,0
12664767068,5.9231128,-73.6258843,0
12664767069,5.9217783,-73.6262502,0
12664767070,5.9206461,-73.6265673,0
12664767071,5.9192307,-73.6269698,0
12664767072,5.9184463,-73.6272178,0
12664767073,5.9181389,-73.6274495,0
12664767074,5.9177952,-73.6278398,0
12664767075,5.9173261,-73.6289619,0
12664767076,5.9170511,-73.6297424,0
12664767077,5.916857,-73.63021,0
12664767078,5.9163776,-73.6308898,0
12664767079,5.9158056,-73.6314011,0
12664767080,5.915005,-73.6319215,0
12664767081,5.9140021,-73.6323443,0
12664767082,5.9136139,-73.6324704,0
12664767083,5.9131044,-73.6326045,0
12664767084,5.9125706,-73.6328403,0
12664767085,5.9119964,-73.6333282,0
12664767086,5.911778,-73.6337672,0
12664767087,5.911778,-73.6342917,0
12664767088,5.9119357,-73.634682,0
12664767089,5.9121177,-73.6354869,0
12664767090,5.9120813,-73.6360236,0
12664767091,5.9118791,-73.636361,0
12664767092,5.911321,-73.6367554,0
12664767093,5.9107953,-73.6370603,0
12664767094,5.9104233,-73.6372188,0
12664767095,5.9101241,-73.6376701,0
12664767096,5.9096267,-73.6378043,0
12664767097,5.9091333,-73.6376986,0
12664767098,5.9084863,-73.6367554,0
12664767099,5.9079161,-73.6360683,0
12664767100,5.9075238,-73.6354097,0
12664767101,5.9071761,-73.6349056,0
12664767102,5.9069415,-73.6347877,0
12664767103,5.9063713,-73.6346291,0
12664767104,5.9057284,-73.6345397,0
12664767105,5.9047902,-73.6349788,0
12664767106,5.9040623,-73.6353934,0
12664767107,5.9036902,-73.6358732,0
12664767108,5.9034476,-73.6362025,0
12664767109,5.9032575,-73.6363163,0
12664767110,5.9021091,-73.6366049,0
12664767111,5.9009211,-73.6373873,0
12664767112,5.9005724,-73.6376538,0
12664767113,5.8996908,-73.6379831,0
12664767114,5.8993026,-73.6385035,0
12664767115,5.8990114,-73.6387515,0
12664767116,5.8984089,-73.6389304,0
12664767117,5.8980166,-73.638971,0
12664767118,5.8975516,-73.6387393,0
12664767119,5.8972846,-73.6384791,0
12664767120,5.8971997,-73.6381376,0
12664767121,5.897224,-73.6377758,0
12664767122,5.8974545,-73.6373408,0
12664767123,5.8980449,-73.6366578,0
12664767124,5.898239,-73.6362878,0
12664767125,5.8982592,-73.6358162,0
12664767126,5.8980732,-73.6353609,0
12664767127,5.897758,-73.6350752,0
12664767128,5.8973381,-73.6350259,0
12664767129,5.8969918,-73.6351677,0
12664767130,5.89667,-73.6353864,0
12664767131,5.8965075,-73.63575,0
12664767132,5.8963022,-73.6361474,0
12664767133,5.8960019,-73.6364494,0
12664767134,5.8956959,-73.6365284,0
12664767135,5.8951785,-73.6365184,0
12664767136,5.8946349,-73.6364929,0
12664767137,5.893818,-73.6370393,0
12664767138,5.8932486,-73.6376654,0
12664767139,5.892865,-73.6380314,0
12664767140,5.8925758,-73.6382444,0
12664767141,5.8921736,-73.6383085,0
12664767142,5.8915872,-73.6381545,0
12664767143,5.8909442,-73.6379066,0
12664767144,5.8904063,-73.6377562,0
12664767145,5.8900181,-73.6378334,0
12664767146,5.8896165,-73.6381932,0
12664767147,5.8894911,-73.6384054,0
12664767148,5.8894547,-73.6387202,0
12664767149,5.8899251,-73.6398987,0
12664767150,5.8906652,-73.6415818,0
12664767151,5.8908916,-73.6420697,0
12664767152,5.8909502,-73.6423805,0
12664767153,5.8909016,-73.6427342,0
12664767154,5.8907156,-73.6431448,0
12664767155,5.8900079,-73.6440514,0
12664767156,5.8893528,-73.6449499,0
12664767157,5.8885087,-73.645763,0
12664767158,5.8880744,-73.6458272,0
12664767159,5.8878029,-73.6457825,0
12664767160,5.8875637,-73.6455303,0
12664767161,5.8873779,-73.6452245,0
12664767162,5.8873035,-73.6448182,0
12664767163,5.8872199,-73.6443722,0
12664767164,5.8870364,-73.6441177,0
12664767165,5.8868251,-73.6439519,0
12664767166,5.8862643,-73.643761,0
12664767167,5.8851641,-73.6433661,0
12664767168,5.8848965,-73.6431353,0
12664767169,5.8846701,-73.6428466,0
12664767170,5.88448,-73.6424563,0
12664767171,5.8843425,-73.6422205,0
12664767172,5.8841363,-73.6420864,0
12664767173,5.8835191,-73.6419572,0
12664767174,5.8827567,-73.6424104,0
12664767175,5.8821382,-73.642729,0
12664767176,5.8815235,-73.6427069,0
12664767177,5.8810806,-73.6426969,0
12664767178,5.8808546,-73.6427951,0
12664767179,5.8806626,-73.6429702,0
12664767180,5.8804618,-73.6432891,0
12664767181,5.8803913,-73.6435115,0
12664767182,5.8803604,-73.6435926,0
12664767183,5.8802534,-73.6437199,0
12664767184,5.8801033,-73.6438489,0
12664767185,5.8799405,-73.6439418,0
12664767186,5.8796045,-73.6440003,0
12664767187,5.8776738,-73.6442867,0
12664767188,5.8768064,-73.6443289,0
12664767189,5.8762195,-73.6441312,0
12664767190,5.8750588,-73.6434929,0
12664767191,5.8737041,-73.6427408,0
12664767192,5.8722673,-73.6418389,0
12664767193,5.8718206,-73.6414253,0
12664767194,5.8714041,-73.6410187,0
12664767195,5.8710725,-73.6408968,0
12664767196,5.8705508,-73.6408602,0
12669070264,6.014208,-73.5786552,0
12669070265,6.0137729,-73.5794871,0
12669070266,6.0133562,-73.5803252,0
12669070267,6.0132435,-73.5807016,0
12669070268,6.0132716,-73.5811617,0
12669070269,6.0134194,-73.581512,0
12669070270,6.0135145,-73.5818376,0
12669070271,6.0134582,-73.5823862,0
12669070272,6.0132435,-73.5827897,0
12669070273,6.0127824,-73.5834374,0
12669070274,6.0109855,-73.5859809,0
12669070275,6.0105933,-73.5864061,0
12669070276,6.0101582,-73.5866587,0
12669070277,6.009766,-73.5867327,0
12669070278,6.0091899,-73.5865971,0
12669070279,6.0081665,-73.5863815,0
12669070280,6.0077664,-73.5865163,0
12669070281,6.0069076,-73.5871746,0
12669070282,6.006084,-73.5875497,0
12669070283,6.0031837,-73.5876417,0
12669070284,6.0026275,-73.5877762,0
12669070285,6.0022333,-73.5882222,0
12669070286,6.0019376,-73.5886185,0
12669070287,6.0015575,-73.5887884,0
12669070288,6.0010014,-73.5887176,0
12669070289,6.000403,-73.5884841,0
12669070290,5.9997483,-73.5885973,0
12669070291,5.9993189,-73.5891211,0
12669070292,5.9988965,-73.589928,0
12669070293,5.9986642,-73.5903103,0
12669070294,5.9983686,-73.5905014,0
12669070295,5.9977984,-73.5905014,0
12669070296,5.9973126,-73.590197,0
12669070297,5.9966861,-73.5898431,0
12669070298,5.9955087,-73.5892185,0
12669070299,5.9946402,-73.5888402,0
12669070300,5.9942733,-73.5887702,0
12669096901,5.9939993,-73.5887702,0
12669096902,5.9937253,-73.5888402,0
12669096903,5.993507,-73.5889336,0
12669096904,5.9933119,-73.5891064,0
12669096905,5.9929577,-73.5896093,0
12669096906,5.9926452,-73.5898281,0
12669096907,5.9923204,-73.5899174,0
12669096908,5.991968,-73.5898465,0
12669096909,5.9898963,-73.5892131,0
12669096910,5.9895433,-73.589143,0
12669096911,5.9891764,-73.5892878,0
12669096912,5.9888048,-73.5895727,0
12669096913,5.9880383,-73.591104,0
12669096914,5.9876339,-73.5915292,0
12669096915,5.9870333,-73.5918373,0
12669096916,5.9865736,-73.5919482,0
12669096917,5.9859667,-73.5917722,0
12669096918,5.9842631,-73.5910431,0
12669096919,5.9834676,-73.5908661,0
12669096920,5.9826932,-73.5910714,0
12669096921,5.9818273,-73.5916023,0
12669096922,5.9807854,-73.5922889,0
12669096923,5.9802926,-73.5925366,0
12669096924,5.9794619,-73.5926003,0
12669096925,5.9786101,-73.592388,0
12669096926,5.9776949,-73.5919633,0
12669096927,5.9769346,-73.591942,0
12669096928,5.9762165,-73.5920553,0
12669096929,5.9755829,-73.592296,0
12669096930,5.9748789,-73.59248,0
12669096931,5.9739285,-73.5923313,0
12669096932,5.9726965,-73.5919208,0
12669096933,5.9722812,-73.5917368,0
12669096934,5.9715983,-73.591581,0
12669096935,5.9710421,-73.5915881,0
12669096936,5.9705916,-73.5915598,0
12669096937,5.9701058,-73.5912979,0
12669096938,5.9696834,-73.5909935,0
12669096939,5.9691625,-73.5909298,0
12669096940,5.9681839,-73.5910077,0
12669096941,5.9665295,-73.5913828,0
12669096942,5.9647765,-73.5919703,0
12669096943,5.9635163,-73.5925366,0
12669096944,5.9630306,-73.5930321,0
12669096945,5.9624955,-73.5935276,0
12669096946,5.9621576,-73.5937046,0
12669096947,5.9612917,-73.5938815,0
12669096948,5.9596486,-73.5939747,0
12669096949,5.9574247,-73.594375,0
12669096950,5.9565675,-73.5945701,0
12669096951,5.9561793,-73.5948059,0
12669096952,5.95591,-73.5952715,0
12669096953,5.9556964,-73.5957572,0
12669096954,5.9554363,-73.5962242,0
12669096955,5.9549997,-73.5965184,0
12669096956,5.954303,-73.5967239,0
12669096957,5.9537177,-73.5968219,0
12669096958,5.9529281,-73.5968453,0
12669096959,5.9523428,-73.5967986,0
12669096960,5.9520967,-73.5968546,0
12669096961,5.9517994,-73.596934,0
12669096962,5.9482368,-73.5996006,0
12669096963,5.947314,-73.6002896,0
12669096964,5.9469016,-73.6004848,0
12669096965,5.9439012,-73.6014361,0
12669096966,5.9435939,-73.601558,0
12669096967,5.9433756,-73.6017532,0
12669096968,5.9431653,-73.601989,0
12669096969,5.9418875,-73.6033143,0
12669096970,5.9411941,-73.603907,0
12669096971,5.9408443,-73.6041274,0
12669096972,5.9366504,-73.6054212,0
12669096973,5.9363416,-73.6055142,0
12669096974,5.9354744,-73.6060395,0
12669096975,5.933836,-73.607242,0
12669096976,5.9320206,-73.6085598,0
12669096977,5.9303403,-73.6110123,0
12669096978,5.9294883,-73.6122982,0
12669096979,5.9292235,-73.6129099,0
12691493401,5.9294009,-73.6160953,0
12847245785,5.9369761,-73.6172232,0
12949790551,5.6390057,-73.7983739,0
12963985006,5.954768,-73.6111665,0
13015525715,5.9262527,-73.6207573,0
13015525716,5.9260534,-73.6213901,0
13015525717,5.9260128,-73.6215213,0
13015525718,5.9253306,-73.6244788,0
13015525719,5.9250453,-73.6247912,0
13018149154,5.927119,-73.6197768,0
13018149155,5.9270029,-73.6197373,0
13018149156,5.9269807,-73.619794,0
13018149157,5.9268321,-73.6197511,0
13018149158,5.9269226,-73.6194507,0
13018149159,5.9268492,-73.6194232,0
13018149160,5.9268389,-73.6194695,0
13018149161,5.9268799,-73.6194816,0
13018149162,5.9268014,-73.6197408,0
13018149163,5.9267706,-73.6197305,0
13018149164,5.9267536,-73.6197802,0
13018149165,5.9266528,-73.6197442,0
13018149166,5.926798,-73.6192773,0
13018149167,5.9269772,-73.6193425,0
13018149168,5.9269465,-73.6194678,0
13018149169,5.9271821,-73.6195416,0
13018149200,6.0135289,-73.5799779,0
13018149801,5.9413811,-73.6037471,0
13018149802,5.9410516,-73.6039968,0
13018149803,5.9399052,-73.6044379,0
13018149804,5.9398414,-73.604459,0
13018149805,5.9352802,-73.606182,0
13018149806,5.935361,-73.6061227,0
13019851134,5.9300292,-73.6183481,0
13022800895,5.9302548,-73.618304,0
13023684388,5.929857,-73.6184859,0
13023719527,5.9299172,-73.6184475,0
13023726319,5.9301191,-73.6185788,0
13023726422,5.9301278,-73.6186393,0
13030699000,5.9320944,-73.6110424,0
13147152213,5.6412332,-73.7982868,0
13147152214,5.643183,-73.7982318,0
13147152215,5.9551108,-73.6092145,0
13236819862,5.9144357,-73.646282,0
13236819863,5.9130724,-73.6474595,0
13236819864,5.9122133,-73.6482292,0
13236819865,5.9101724,-73.6499566,0
13236819866,5.9083261,-73.6515847,0
13236819867,5.9063785,-73.6531645,0
13236819868,5.901867,-73.6550716,0
13236819869,5.8977769,-73.6568257,0
13236819870,5.8938523,-73.6585397,0
13236819871,5.8948795,-73.658073,0
13236819872,5.8918859,-73.6599129,0
13236819873,5.8871848,-73.6635473,0
13236819874,5.8856,-73.6643654,0
13236819875,5.8836896,-73.66539,0
13236819876,5.8823449,-73.6661223,0
13236819877,5.8812243,-73.6667231,0
13236819878,5.8773182,-73.6688688,0
13236819879,5.8763524,-73.6693811,0
13236819880,5.8707013,-73.6688501,0
13236819881,5.8656825,-73.6691719,0
13236819882,5.8604368,-73.670226,0
13236819883,5.8594389,-73.6712855,0
13236819884,5.8562238,-73.6735842,0
13236819885,5.8535929,-73.6756602,0
13236819886,5.8511995,-73.6796325,0
13236819887,5.8504684,-73.6809334,0
13236819888,5.8498093,-73.6819312,0
13236819889,5.8488621,-73.6835647,0
13236819890,5.8483898,-73.6842486,0
13236819891,5.847576,-73.6856166,0
13236819892,5.84645,-73.6862361,0
13236819893,5.8454708,-73.6867699,0
13236819894,5.8422395,-73.6885455,0
13236819895,5.8394511,-73.6900449,0
13236819896,5.8358516,-73.6917615,0
13236819897,5.8312141,-73.6939958,0
13236819898,5.8302188,-73.6944598,0
13236819899,5.829525,-73.6948031,0
13236819900,5.8241963,-73.6956266,0
13236837701,5.820514,-73.6974451,0
13236837702,5.8173653,-73.6982471,0
13236837703,5.8137416,-73.6991885,0
13236837704,5.8118763,-73.6998296,0
13236837705,5.8082953,-73.7010071,0
13236837706,5.8035295,-73.7025359,0
13236837707,5.8001205,-73.7028202,0
13236837708,5.7934292,-73.7053737,0
13236837709,5.792538,-73.7056258,0
13236837710,5.7907874,-73.706688,0
13236837711,5.7877746,-73.7085575,0
13236837712,5.7830086,-73.7114596,0
13236837713,5.7807377,-73.7126049,0
13236837714,5.7786215,-73.7137073,0
13236837715,5.7742503,-73.7163171,0
13236837716,5.7719233,-73.7177213,0
13236837717,5.7635411,-73.7234142,0
13236837718,5.7622202,-73.7242055,0
13236837719,5.7613182,-73.7247849,0
13236837720,5.7586762,-73.7266865,0
13236837721,5.7569656,-73.7279284,0
13236837722,5.7551909,-73.7292105,0
13236837723,5.7520391,-73.7314984,0
13236837724,5.748762,-73.7344703,0
13236837725,5.744065,-73.7377399,0
13236837726,5.7377774,-73.7426055,0
13236837727,5.73426,-73.7452608,0
13236837728,5.7317166,-73.7471733,0
13236837729,5.7298511,-73.7486511,0
13236837730,5.7285461,-73.7495792,0
13236837731,5.7266992,-73.75099,0
13236837732,5.7256557,-73.7517813,0
13236837733,5.7238489,-73.7531492,0
13236837734,5.7221329,-73.754434,0
13236837735,5.7204969,-73.7556678,0
13236837736,5.718626,-73.7570974,0
13236837737,5.7172168,-73.7581569,0
13236837738,5.7152819,-73.7596294,0
13236837739,5.7141343,-73.7605092,0
13236837740,5.7127491,-73.7615338,0
13236837741,5.7112546,-73.7626711,0
13236837742,5.7090447,-73.7644091,0
13236837743,5.7053483,-73.7671369,0
13236837744,5.7026793,-73.7686604,0
13236837745,5.700352,-73.769964,0
13236837746,5.6962231,-73.7723002,0
13236837747,5.6950034,-73.7730029,0
13236837748,5.693765,-73.7736829,0
13236837749,5.6902126,-73.7756865,0
13236837750,5.6877171,-73.7771013,0
13236837751,5.6853363,-73.7784344,0
13236837752,5.6833799,-73.7795529,0
13236837753,5.681896,-73.7803736,0
13236837754,5.6794565,-73.7817335,0
13236837755,5.6775828,-73.7828118,0
13236837756,5.6757278,-73.7838444,0
13236837757,5.6736166,-73.7850434,0
13236837758,5.6720872,-73.785899,0
13236837759,5.6699066,-73.7871355,0
13236837760,5.66779,-73.7883291,0
13236837761,5.6657935,-73.7894315,0
13236837762,5.6637089,-73.7906572,0
13236837763,5.6568412,-73.7943023,0
13236837764,5.6533179,-73.7958768,0
13236837765,5.64838,-73.7982157,0
13236837766,5.9180961,-73.6432457,0
13236837767,5.9195982,-73.6419502,0
13236837768,5.9211242,-73.640601,0
13236837769,5.9266147,-73.6350931,0
13267361307,5.7716484,-73.1465381,0
13267361308,5.7719313,-73.1494913,0
13267361309,5.771048,-73.1530291,0
13267361310,5.7702554,-73.1552607,0
13267361311,5.7698711,-73.1563336,0
13267361312,5.7695002,-73.1574333,0
13267361313,5.7675174,-73.1614593,0
13267361314,5.7666474,-73.1656757,0
13267361315,5.766917,-73.1698358,0
13267361316,5.7664873,-73.1733924,0
13267361317,5.7664046,-73.1741461,0
13267361318,5.7659389,-73.1780192,0
13267361319,5.7647661,-73.1877449,0
13267361320,5.7646753,-73.1888473,0
13267361321,5.7641256,-73.1933722,0
13267361322,5.7635358,-73.1986105,0
13267361323,5.763293,-73.2005203,0
13267361324,5.7627299,-73.2054421,0
13267361325,5.7623643,-73.2085294,0
13267361326,5.7622202,-73.2096747,0
13267361327,5.7616864,-73.2142022,0
13267361328,5.7615023,-73.2158464,0
13267361329,5.7611981,-73.2177454,0
13267361330,5.7610419,-73.2192568,0
13267361331,5.7608391,-73.2208997,0
13267361332,5.7604468,-73.224231,0
13267361333,5.7602173,-73.2261555,0
13267361334,5.7600372,-73.2278547,0
13267361335,5.7598437,-73.2295217,0
13267361336,5.7596969,-73.2309003,0
13267361337,5.7586015,-73.2400922,0
13267361338,5.7585734,-73.241078,0
13267361339,5.7583319,-73.2440043,0
13267361340,5.7582692,-73.2453561,0
13267361341,5.7581678,-73.2462627,0
13267361342,5.758017,-73.2480651,0
13267361343,5.7578796,-73.2498474,0
13267361344,5.7578075,-73.2511027,0
13267361345,5.7572404,-73.2575199,0
13267361346,5.7570483,-73.2597998,0
13267361347,5.7565492,-73.2668138,0
13267361348,5.7561703,-73.2710972,0
13267361349,5.7557913,-73.2757375,0
13267361350,5.7542915,-73.2865669,0
13267361351,5.7443586,-73.3254227,0
13267361352,5.7437287,-73.3277214,0
13267361353,5.7428481,-73.3303016,0
13267361354,5.7423717,-73.3316575,0
13267361355,5.7355223,-73.3512256,0
13267361356,5.7349325,-73.3529261,0
13267361357,5.7345322,-73.3541599,0
13267361358,5.7339184,-73.3559436,0
13267361359,5.7328455,-73.3589718,0
13267361360,5.7320315,-73.3612812,0
13267361361,5.7306945,-73.3650389,0
13267361362,5.7272864,-73.3775944,0
13267361363,5.7260667,-73.3876553,0
13267361364,5.7254129,-73.3928534,0
13267361365,5.7275212,-73.3970404,0
13267361366,5.7283005,-73.3986336,0
13267361367,5.7304863,-73.4032738,0
13267361368,5.731319,-73.4049234,0
13267361369,5.7319168,-73.4061652,0
13267361370,5.7326373,-73.4076083,0
13267361371,5.7333099,-73.4090057,0
13267361372,5.7348044,-73.41216,0
13267361373,5.7353835,-73.4132838,0
13267361374,5.7387595,-73.42044,0
13267361375,5.7432697,-73.4276658,0
13267361376,5.7474169,-73.4345269,0
13267361377,5.7515614,-73.4403285,0
13267361378,5.7553884,-73.4456769,0
13267361379,5.7563144,-73.4469831,0
13267361380,5.7572751,-73.4484234,0
13267361381,5.758903,-73.4506872,0
13267361382,5.7599785,-73.4522375,0
13267361383,5.7607284,-73.4532622,0
13267361384,5.7623162,-73.4555259,0
13267361385,5.7630234,-73.4565854,0
13267361386,5.7636906,-73.4574732,0
13267361387,5.7654946,-73.459973,0
13267361388,5.7659563,-73.4606329,0
13267361389,5.7669837,-73.462151,0
13267361390,5.7680405,-73.4636369,0
13267361391,5.7703675,-73.4669656,0
13267361392,5.7720674,-73.4693313,0
13267361393,5.7731295,-73.4708521,0
13267361394,5.7758221,-73.4750363,0
13267361395,5.777514,-73.4776917,0
13267361396,5.7790805,-73.4793735,0
13267361397,5.7832861,-73.4851912,0
13267361398,5.7866885,-73.4900674,0
13267361399,5.7873263,-73.4909311,0
13267361400,5.7889248,-73.4932163,0
13267362401,5.79067,-73.4956706,0
13267362402,5.7917587,-73.4971941,0
13267362403,5.7935653,-73.4997448,0
13267362404,5.7961805,-73.5034221,0
13267362405,5.7991051,-73.5075554,0
13267362406,5.80033,-73.508285,0
13267362407,5.8014694,-73.5089985,0
13267362408,5.8038817,-73.5104764,0
13267362409,5.8059204,-73.5116968,0
13267362410,5.8113533,-73.514953,0
13267362411,5.8123753,-73.5156396,0
13267362412,5.8166501,-73.5186249,0
13267362413,5.820127,-73.5210791,0
13267362414,5.8251276,-73.5245767,0
13267362415,5.827377,-73.5261405,0
13267362416,5.8294743,-73.5275808,0
13267362417,5.8318785,-73.5292518,0
13267362418,5.8359397,-73.5320842,0
13267362419,5.839782,-73.5344794,0
13267362420,5.8428905,-73.5364991,0
13267362421,5.852579,-73.5429096,0
13267362422,5.8547642,-73.5444787,0
13267362423,5.8615842,-73.5493174,0
13267362424,5.8649674,-73.5517743,0
13267362425,5.8693112,-73.5549259,0
13267362426,5.8712056,-73.5562992,0
13267362427,5.8732253,-73.5577476,0
13267362428,5.8739911,-73.5582894,0
13267362429,5.875656,-73.5594749,0
13267362430,5.8782868,-73.5612398,0
13267362431,5.8831107,-73.5642627,0
13267362432,5.8895967,-73.567889,0
13267362433,5.8933907,-73.5699248,0
13267362434,5.8969071,-73.5720062,0
13267362435,5.8995858,-73.5734841,0
13267362436,5.9035958,-73.5766599,0
13267362437,5.9042682,-73.5771453,0
13267362438,5.9065866,-73.5789827,0
13267362439,5.908825,-73.5807878,0
13267362440,5.9103351,-73.581917,0
13267362441,5.9119572,-73.5831723,0
13267362442,5.9145878,-73.5852778,0
13267362443,5.9159991,-73.5863587,0
13267362444,5.9202891,-73.589623,0
13267362445,5.9231225,-73.5918197,0
13267362446,5.9241629,-73.5927263,0
13267362447,5.925118,-73.5935739,0
13267362448,5.9269642,-73.5953039,0
13267362449,5.9283942,-73.5965565,0
13267362450,5.9292799,-73.5973665,0
13267362451,5.9312488,-73.5991958,0
13267362452,5.932484,-73.6003169,0
13267362453,5.9350558,-73.6025754,0
13267362454,5.9372061,-73.6045307,0
13267362455,5.9384306,-73.6056545,0
13267362456,5.9394764,-73.6066094,0
13267362457,5.9415893,-73.6105308,0
13283984380,5.9312627,-73.6176355,0
13436168294,5.9400026,-73.6164225,0
13436168295,5.9400807,-73.6164131,0
13436168296,5.9400735,-73.6163419,0
13436168297,5.9399953,-73.6163498,0
13436168298,5.9401248,-73.6164866,0
13436168299,5.9401155,-73.6164088,0
13436168300,5.9399606,-73.6164276,0
13436170535,5.9365159,-73.6175605,0
13436170536,5.9365579,-73.6175367,0
13436170537,5.93651,-73.6174545,0
13436170538,5.9364684,-73.6174791,0
13436170539,5.9366184,-73.6176279,0
13436170540,5.9365651,-73.6175326,0
13436170541,5.9364324,-73.6176078,0
13436170542,5.9364857,-73.617703,0
13436170543,5.9368016,-73.6174159,0
13436170544,5.9367215,-73.6173395,0
13436170545,5.9366378,-73.6174281,0
13436170546,5.9367178,-73.6175045,0
13436170547,5.9366978,-73.6175072,0
13436170548,5.9366404,-73.6174508,0
13436170549,5.9365791,-73.6175139,0
13436170550,5.9366365,-73.6175703,0
13436170551,5.9366791,-73.617686,0
13436170552,5.9367311,-73.6176552,0
13436170553,5.9368206,-73.6178076,0
13436170554,5.9367685,-73.6178385,0
13436170555,5.9369286,-73.6177051,0
13436170556,5.9369779,-73.6176742,0
13436170557,5.9368913,-73.617534,0
13436170558,5.9368419,-73.6175649,0
13436170559,5.9369109,-73.6173848,0
13436170560,5.9369594,-73.617365,0
13436170561,5.9369366,-73.6173087,0
13436170562,5.9368825,-73.6173309,0
13436170563,5.9369169,-73.6173963,0
13436170564,5.9368569,-73.6172823,0
13436170565,5.9368072,-73.6173087,0
13436170566,5.9368672,-73.6174227,0
13436170567,5.9370284,-73.6173285,0
13436170568,5.9371645,-73.6172722,0
13436170569,5.9370033,-73.6172672,0
13436170570,5.9372212,-73.6171722,0
13436170571,5.9371491,-73.617018,0
13436170572,5.9370673,-73.6170566,0
13436170573,5.9371394,-73.6172108,0
13436170574,5.9374045,-73.6176037,0
13436170575,5.9373791,-73.6175045,0
13436170576,5.9373114,-73.617522,0
13436170577,5.9373368,-73.6176212,0
13436170578,5.9374767,-73.6175906,0
13436170579,5.9374474,-73.6174967,0
13436170580,5.9373928,-73.6175139,0
13436170581,5.9374222,-73.6176078,0
13436170582,5.9376132,-73.6175269,0
13436170583,5.9375785,-73.6174277,0
13436170584,5.9374635,-73.6174683,0
13436170585,5.9374982,-73.6175676,0
13436170586,5.9380903,-73.6173874,0
13436170587,5.938041,-73.6172372,0
13436170588,5.9379224,-73.6172766,0
13436170589,5.9379717,-73.6174268,0
13436170590,5.9381242,-73.6171222,0
13436170591,5.9380922,-73.6170256,0
13436170592,5.9380077,-73.6170539,0
13436170593,5.9380398,-73.6171505,0
13436170594,5.9382196,-73.6173322,0
13436170595,5.9381822,-73.6172383,0
13436170596,5.9380904,-73.6172752,0
13436170597,5.9381278,-73.6173691,0
13436170598,5.9381477,-73.6175297,0
13436170599,5.938121,-73.6174426,0
13436170600,5.9380291,-73.617471,0
13436193801,5.9380558,-73.6175582,0
13436193802,5.9385374,-73.6180735,0
13436193803,5.9385014,-73.6179582,0
13436193804,5.9383879,-73.617994,0
13436193805,5.9384239,-73.6181094,0
13436193806,5.9380975,-73.6177883,0
13436193807,5.9381953,-73.6178044,0
13436193808,5.9383144,-73.6179775,0
13436193809,5.9382811,-73.617877,0
13436193810,5.9381878,-73.6179082,0
13436193811,5.9382212,-73.6180088,0
13436193812,5.9382189,-73.6177956,0
13436193813,5.9381735,-73.6176723,0
13436193814,5.9380691,-73.6177111,0
13436193815,5.9382064,-73.6178514,0
13436193816,5.9380838,-73.6177915,0
13436193817,5.9381038,-73.617876,0
13436193818,5.9383847,-73.6184933,0
13436193819,5.9383993,-73.6183444,0
13436193820,5.9385573,-73.6183602,0
13436193821,5.9385426,-73.618509,0
13436193822,5.9381546,-73.6189797,0
13436193823,5.9380439,-73.6188671,0
13436193824,5.9381465,-73.6187652,0
13436193825,5.9382572,-73.6188778,0
13436193826,5.9380018,-73.618766,0
13436193827,5.9380658,-73.6186923,0
13436193828,5.9380037,-73.6186378,0
13436193829,5.9379397,-73.6187115,0
13436193830,5.9379028,-73.6186593,0
13436193831,5.9378401,-73.6185641,0
13436193832,5.9377556,-73.6186203,0
13436193833,5.9378183,-73.6187156,0
13436193834,5.9377116,-73.6184408,0
13436193835,5.9376635,-73.6183174,0
13436193836,5.9375822,-73.6183494,0
13436193837,5.9376302,-73.6184728,0
13436193838,5.937299,-73.6205751,0
13436193839,5.9372645,-73.6205332,0
13436193840,5.9372067,-73.6205814,0
13436193841,5.9372412,-73.6206233,0
13436193842,5.9373659,-73.6206591,0
13436193843,5.9373166,-73.6205773,0
13436193844,5.9372247,-73.6206333,0
13436193845,5.9372741,-73.6207151,0
13436193846,5.9377031,-73.6195961,0
13436193847,5.9376418,-73.6194834,0
13436193848,5.9375822,-73.6195162,0
13436193849,5.9376436,-73.6196288,0
13436193850,5.93803,-73.6201987,0
13436193851,5.9379914,-73.620141,0
13436193852,5.9378864,-73.6202122,0
13436193853,5.937925,-73.6202699,0
13436193854,5.9376704,-73.6199694,0
13436193855,5.9376272,-73.619917,0
13436193856,5.9375417,-73.6199882,0
13436193857,5.9375849,-73.6200406,0
13436193858,5.9372479,-73.6198365,0
13436193859,5.9371643,-73.6197352,0
13436193860,5.9370772,-73.6198078,0
13436193861,5.9371607,-73.6199091,0
13436193862,5.9369654,-73.6191292,0
13436193863,5.936854,-73.618994,0
13436193864,5.9367838,-73.6190524,0
13436193865,5.9368953,-73.6191876,0
13436193866,5.9369034,-73.6194559,0
13436193867,5.936818,-73.6193521,0
13436193868,5.9367391,-73.6194178,0
13436193869,5.9368246,-73.6195216,0
13436193870,5.9367244,-73.6195825,0
13436193871,5.9366931,-73.6196407,0
13436193872,5.9367873,-73.619648,0
13436193873,5.9367246,-73.6195823,0
13436193874,5.9367419,-73.6196919,0
13436193875,5.9367014,-73.6195546,0
13436193876,5.9366365,-73.6196087,0
13436193877,5.9366752,-73.6196557,0
13436193878,5.9367513,-73.6193228,0
13436193879,5.9366886,-73.6192531,0
13436193880,5.9366071,-73.6193271,0
13436193881,5.9366698,-73.6193968,0
13436193882,5.9369193,-73.6199503,0
13436193883,5.9368619,-73.6198739,0
13436193884,5.9367765,-73.6199386,0
13436193885,5.9368339,-73.6200151,0
13436193886,5.9370304,-73.619842,0
13436193887,5.936961,-73.6197696,0
13436193888,5.9368792,-73.6198488,0
13436193889,5.9369486,-73.6199212,0
13436193890,5.9370238,-73.6201599,0
13436193891,5.9369677,-73.6200955,0
13436193892,5.9368899,-73.6201639,0
13436193893,5.9369459,-73.6202283,0
13436197101,5.9399699,-73.6165054,0
13436197102,5.9394035,-73.6167737,0
13436197103,5.9393729,-73.6166583,0
13436197104,5.9392683,-73.6166865,0
13436197105,5.939299,-73.6168018,0
13436197106,5.9392053,-73.616768,0
13436197107,5.9392093,-73.6166888,0
13436197108,5.9391629,-73.6166865,0
13436197109,5.9391589,-73.6167656,0
13436197110,5.9388673,-73.6172212,0
13436197111,5.9388273,-73.6171139,0
13436197112,5.9387267,-73.6171518,0
13436197113,5.9387667,-73.6172591,0
13436197114,5.9386583,-73.6172019,0
13436197115,5.938645,-73.617061,0
13436197116,5.9385933,-73.617066,0
13436197117,5.9386067,-73.6172068,0
13436197118,5.9365792,-73.6178101,0
13436197119,5.9365405,-73.6177578,0
13436197120,5.9365098,-73.6177808,0
13436197121,5.9365484,-73.6178331,0
13436197122,5.9364957,-73.617765,0
13436197123,5.9364276,-73.6176711,0
13436197124,5.936331,-73.6177419,0
13436197125,5.936399,-73.6178358,0
13436197126,5.9362677,-73.6180781,0
13436197127,5.9363477,-73.6179989,0
13436197128,5.9362603,-73.6179096,0
13436197129,5.9361803,-73.6179887,0
13819540348,5.9309834,-73.6178215,0
13825924252,5.928851,-73.6155268,0
13825924253,5.9290406,-73.6157138,0
13825924254,5.9291691,-73.6158483,0
13955255211,5.935564,-73.6099702,0
13955293752,5.9369606,-73.6112241,0
13955293753,5.9368846,-73.6116962,0
13955293754,5.9368632,-73.6116788,0
13955293755,5.937026,-73.6112563,0
13955293756,5.9368133,-73.6116047,0
13955293757,5.9369536,-73.6117135,0
13955293758,5.9371976,-73.6119469,0
13955293759,5.9372049,-73.6119032,0
13955293760,5.9370371,-73.6118752,0
13955293761,5.9370453,-73.6118257,0
13959892808,5.933287,-73.605444,0
14126958589,5.8772226,-73.5706193,0
14126958590,5.8796364,-73.5691766,0
14126958591,5.8798984,-73.5692395,0
14126958592,5.8798442,-73.5692096,0
14126958593,5.8797147,-73.5691789,0
14126958594,5.8800209,-73.5694305,0
14126958595,5.8800618,-73.5695576,0
14126958596,5.8800664,-73.5697642,0
14132219735,5.8910339,-73.5778637,0
14132219736,5.891269,-73.5777555,0
14132219737,5.8902794,-73.5780018,0
14132219738,5.8892123,-73.5775152,0
14132219739,5.889868,-73.5782207,0
14132219740,5.889656,-73.5782467,0
14132219741,5.8895371,-73.578219,0
14132219742,5.889251,-73.5776642,0
14132219743,5.8885673,-73.5768492,0
14132219744,5.8866068,-73.5767883,0
14132219745,5.8872616,-73.5766448,0
14132219746,5.8858199,-73.5769092,0
14132219747,5.8854357,-73.5769226,0
14132219748,5.8854221,-73.5753573,0
14132219749,5.884166,-73.5752834,0
14132219750,5.8924756,-73.5792553,0
14132219751,5.8920934,-73.5784174,0
14132219752,5.8919198,-73.5779435,0
14132219753,5.8917413,-73.5777822,0
14132219754,5.8920158,-73.5781546,0
14132219755,5.8922041,-73.5788757,0
14132219756,5.8921343,-73.5786072,0
14132219757,5.8923254,-73.57908,0
14132219758,5.8933443,-73.5799057,0
14132219759,5.8934356,-73.5800995,0
14132219760,5.8929226,-73.5796548,0
14132219761,5.8926991,-73.5794742,0
14132219762,5.8934738,-73.5803152,0
14132219763,5.894068,-73.5812428,0
14132219764,5.8938407,-73.5809717,0
14132219765,5.8945803,-73.5814247,0
14132219766,5.8951045,-73.5824664,0
14132219767,5.8949121,-73.5820071,0
14132219768,5.894227,-73.581338,0
14132219769,5.8944184,-73.5813665,0
14132219770,5.894744,-73.5817222,0
14132219771,5.8953835,-73.5828546,0
14132219772,5.8952187,-73.5826648,0
14132219773,5.8962261,-73.5834734,0
14132219774,5.8957513,-73.5831063,0
14132219775,5.8976838,-73.5835086,0
14132219776,5.8972756,-73.5837062,0
14132219777,5.896967,-73.5836998,0
14132219778,5.8975086,-73.5836074,0
14132219779,5.8991378,-73.5843407,0
14132219780,5.8988976,-73.5841168,0
14132219781,5.8980058,-73.5835771,0
14132219782,5.9000721,-73.5855163,0
14132219783,5.8997276,-73.5852657,0
14132219784,5.8993101,-73.5849718,0
14132219785,5.899177,-73.5846817,0
14132219786,5.9017204,-73.5858741,0
14132219787,5.9009544,-73.5860955,0
14132219788,5.9006157,-73.5860288,0
14132219789,5.9001669,-73.5857431,0
14132219790,5.9024453,-73.5855027,0
14132219791,5.9036966,-73.5852546,0
14132219792,5.9054202,-73.5860006,0
14132219793,5.9046444,-73.5858365,0
14132219794,5.9043413,-73.5856847,0
14132219795,5.9049475,-73.5858488,0
14132219796,5.906273,-73.5860834,0
14132219797,5.9058466,-73.5860768,0
14132219798,5.906079,-73.5860608,0
14132219799,5.9064759,-73.5867366,0
14132219800,5.9063783,-73.5864294,0
14132219801,5.9073589,-73.587711,0
14132219802,5.9086748,-73.5892092,0
14132219803,5.9108989,-73.5897019,0
14132219804,5.910113,-73.5895863,0
14132219805,5.9120521,-73.5900758,0
14132219806,5.9118011,-73.5899252,0
14132219807,5.9122914,-73.590424,0
14132219808,5.9131086,-73.5905423,0
14132219809,5.915459,-73.5905715,0
14132219810,5.9167529,-73.5911785,0
14132219811,5.9176735,-73.5912336,0
14132219812,5.9186363,-73.5914418,0
14132219813,5.9190532,-73.5918631,0
14132219814,5.9196057,-73.5921205,0
14132219815,5.9205822,-73.593685,0
14132219816,5.9205052,-73.5940564,0
14132219817,5.9198847,-73.5924266,0
14132219818,5.919276,-73.5919938,0
14132219819,5.9208142,-73.5947521,0
14132219820,5.9215589,-73.5957105,0
14132219821,5.9211954,-73.5953397,0
14132219822,5.9224775,-73.5964761,0
14132219823,5.9228857,-73.5975438,0
14132219824,5.9237032,-73.5980033,0
14132219825,5.9234858,-73.5978354,0
14132219826,5.9232445,-73.5978351,0
14132219827,5.9243346,-73.5992403,0
14132219828,5.9241768,-73.5988633,0
14132219829,5.9240256,-73.5983961,0
14132219830,5.9259836,-73.6035534,0
14132219831,5.9266099,-73.6047282,0
14132219832,5.9274704,-73.6049288,0
14132219833,5.9277905,-73.6049282,0
14132219834,5.9285174,-73.6052475,0
14132219835,5.9283239,-73.6051114,0
14132219836,5.9287059,-73.6059384,0
14132219837,5.9298661,-73.6069216,0
14190534587,5.9314025,-73.6176473,0
14190534852,5.9314526,-73.6177593,0
